"sk_id","data_referencia","data_extracao","site","categoria","marca","termo_buscado","titulo_anuncio","quantidade_embalagem","preco_total_anuncio","preco_unitario","link"
"01d9212a93a9a541df858e3b0ae70861","2026-06-24","2026-06-24 23:02:59.451","Amazon","refrigerante","Coca-Cola","Refrigerante Coca-Cola Pet 2L","Coca-Cola Original 2L","1","11.38","11.38","https://www.amazon.com.br/Coca-Cola-Original-2l-Unidade/dp/B07SYGDBZD/ref=sr_1_1_br_f3_0g_amnow?dib=eyJ2IjoiMSJ9.ongjZ2RRtL-zzRpEodC58WI0yn7DiAN3xS82yMNaQJpHzND6SS2hj04pe_qBhQwUjTd9mExwo3_e21y-SGBJdWhOaqAqOJERlPsEwdAGB-nv1bcVVIJ5rDxmdjJTjffBENxR6o14VqSKQze7nVZO5AzdvlFaH5XlgtB6uyCf0doPpq8-FChVVLSocbNLK7igSc4k6cwolEL-HaPFDPCnYjRiGCPeI-fpTzKne6cY_UrMPPVcXg08wyTCs1zNtC9DeoO22VrK6X7niOdiaG5ADd1eaJBKcLSljDVbpI40nYE.jQdxeVM5aWqZgZLPmoRIHQcpGgmqLc0jkw6keJB-buM&dib_tag=se&keywords=Refrigerante+Coca-Cola+2L&qid=1782352859&s=grocery&sr=1-1"
"aceee06fa234b6558bf232730777e4e1","2026-06-03","2026-06-03 17:31:24.394","Amazon","refrigerante","Coca-Cola","Refrigerante Coca-Cola Pet 2L","Coca-Cola Original 2L","1","11.99","11.99","https://www.amazon.com.br/Coca-Cola-Original-2l-Unidade/dp/B07SYGDBZD/ref=sr_1_2_br_f3_0g_amnow?dib=eyJ2IjoiMSJ9.ongjZ2RRtL-zzRpEodC58T6XYPVp1np5AbK1b-5PP1UwqqBm-npVkMsESt0hd_EeAZ2fgc4Y9VrtK0RraaepAWXCj7xIv0JlkcGMRKhea-gHz0xCMVOtobiRs-wPabgYnTKDkaB7uhcvDijYly3_AQUTdfIfHzh72U0fEdClp0fE-j56qQdi-erqJaGNXVhPuW2p9W0AmOlkKGFPpWvIC-MpEykZ4PKaErKBVv_Du2oJiuYrIjmrG8JOIjLjk28xdtsVG07G1mngYeHjD57-qb0EkV9QXA-FImJgCR_kbUM.G0ahW02yMkkCXRRfT6tzaP4ECW5KYpg0Q-unPwDqflM&dib_tag=se&keywords=Refrigerante+Coca-Cola+2L&qid=1780518583&s=grocery&sr=1-2"
"9be1aa2d037d51c674d53a6af71770a0","2026-05-26","2026-05-26 19:44:13.592","Amazon","refrigerante","Coca-Cola","Refrigerante Coca-Cola Pet 2L","Coca-Cola Original 2L","1","10.2","10.2","https://www.amazon.com.br/Coca-Cola-Original-2l-Unidade/dp/B07SYGDBZD/ref=sr_1_2_br_f3_0g_amnow?dib=eyJ2IjoiMSJ9.ongjZ2RRtL-zzRpEodC58aJIylWLXEo14AfHJgJQ6hP38AUpWZZMxcgQ2V2kXk4eSk9DQV4dip3KSVgwa5FkbfSZbiUBRPv1rj-JnhFpuTX2RWYq2_NXnze6R9s0Z9SSF5UZY2WEFRGa05Fd1PBc4UQsEv-3bI2bpo0j-diFxq6wzi-22hnO5gioNTku5mVqLVrP0939Di1QF9j1ooEv0FJ0TBeu4sS1PWOFv2LTlUHdfP4UP9puDD33nwjOLcOfHK75vcSXfv8lHJkM97W37mtFJRsvku88LhpTOqEu2sk.xANNY253NrthCimorTccK-kqId0RCPuCWedR1ktYAy4&dib_tag=se&keywords=Refrigerante+Coca-Cola+2L&qid=1779835361&s=grocery&sr=1-2"
"822055da27a34d53bb5d255d3d0f8247","2026-06-07","2026-06-07 20:13:53.785","Amazon","refrigerante","Coca-Cola","Refrigerante Coca-Cola Pet 2L","Coca-Cola Original 2L","1","15.64","15.64","https://www.amazon.com.br/Coca-Cola-Original-2l-Unidade/dp/B07SYGDBZD/ref=sr_1_2_br_f3_0g_amnow?dib=eyJ2IjoiMSJ9.ongjZ2RRtL-zzRpEodC58ROAsEfJ2fkB4FI_ODuhoCBASGLu7njFiDUi793VvQadvOh1Q-47h2Uctz4aD5anI4gGrD8Qd3lc4SpJEW4vIr2rDxH5Rnk-1-GUTQj5lxQCbBkL0nRCWzzJb-7VBib7ATaaH-axgtV7kvPuuV94LBRsCj3ST7Uhcy7Bwf3UEbOODUZ0akwb9Ye-uFhAneQlZM4Y-Gg_bCvW1lEGHePGGcYWTVXoORR3P0yLvh8yJrP9PYdyW5QPG9M6vQj-MKFefLPx1miS7nhCoYJU5SlzMKU.bae-as8VakBPGqw_lTp_iGnOFO9Fu1Ixz1EHD2K5CmM&dib_tag=se&keywords=Refrigerante+Coca-Cola+2L&qid=1780873931&s=grocery&sr=1-2"
"0cc453e1dda6b0d30c589de5a38cbc51","2026-06-06","2026-06-06 10:41:26.595","Amazon","refrigerante","Coca-Cola","Refrigerante Coca-Cola Pet 2L","Coca-Cola Original 2L","1","18.39","18.39","https://www.amazon.com.br/Coca-Cola-Original-2l-Unidade/dp/B07SYGDBZD/ref=sr_1_4_br_f3_0g_amnow?dib=eyJ2IjoiMSJ9.ongjZ2RRtL-zzRpEodC58ROAsEfJ2fkB4FI_ODuhoCAar3pHWevScjdVVhKf3cG3GxuA24Go0d8TM_5UnhXaKNY21eMGfg097jvSJR4LrGeafrfMSkA_g0r0Gyo2wlHmFR_cDdQiSteFRLHkX5Qyk4BngiXCzQ4JigHsyTwEWZg4umx9r00mQlSc0lvg8riTkfh4_9QJta8icdlNY63dybajTeTQS0maS9J3Wn-A__OLwqmd4BqYACHFWqRU_PFs6MfdfzCOIew1YgSr19dFcr0EkV9QXA-FImJgCR_kbUM.y47S3qWf4V4uODbpRwydn4eXyF-0oTgRdhCfwA8pqxg&dib_tag=se&keywords=Refrigerante+Coca-Cola+2L&qid=1780753186&s=grocery&sr=1-4"
"ebf7d806713eb4e9346574b808e814dc","2026-06-03","2026-06-03 17:30:45.529","Amazon","cerveja","Heineken","Cerveja Heineken Lata 350ml","Heineken Cerveja Sleek Lata 350ml Pack 12 Unidades","12","57.48","4.79","https://www.amazon.com.br/Cerveja-Heineken-Pilsen-LATA-350/dp/B0CMXW6ZYB/ref=sr_1_4?dib=eyJ2IjoiMSJ9.YwlMALGyaB1eLiHvQ-WdbBIIMV7c8H50B7mwq8QJY1bFi5I3DFwp_1SwwBnkHVJwTGssHALuiJrcHWXLCaiToKjYKFUiD5eUAB7C99NOpqU98PnamYQzicLFIBeB8yWlqN-VjJ_ex9CTAJPXVi-VxrPEtwJhhI5zTeCnQvSVfNFkXtaYLshrSHMqXq3ql04eug8voV7RFxhy49KrF42W7QuAGZPNmspD4z1JtD7U304_LtQ938NwXnIEFpCSSTY5qewPB5Tuvzr1q1MpUh_Uf5okJIX2pE4DnlF5z6XFpRo.AH7cH15oKFHPlwEIDX295pjIr8MCjx-aeYe0XhGZKSg&dib_tag=se&keywords=Cerveja+Heineken+350ml&qid=1780518544&s=grocery&sr=1-4"
"88e8e3ad19462aa5f664c6bc8e8bfc6f","2026-06-03","2026-06-03 17:31:04.027","Amazon","whisky","Johnnie Walker","Whisky Johnnie Walker Red Label 1L","Whisky Johnnie Walker Red Label 1L","1","88.99","88.99","https://www.amazon.com.br/Whisky-Johnnie-Walker-Label-Blended/dp/B004Q47N5G/ref=sr_1_4?dib=eyJ2IjoiMSJ9.6_W5nvO8nbL1-obijYzgd4353kExgaxBYrQB089AvXOIs_OJBbCb-JfIH4KVIXy7syOkKBAW1H2DWs6CMiMmqr-hiU-gVZGyWt7PTMrIhZZKxPEaW3HmQaU2xwqZmfADyYFMyXr1nn8ovp-favQAMSkl5QwvHAbFUuG-r37ZDLnsAAiMztVHyQDYLonY1p-3F0HKMOBR3SJBKHdF9RnfmmbFgzwtQTe-flxqc6bhXrSs1luOAF8ERJ8uEHTD0KUI1uIJP-ip6sD4-6QLQ3VuDSvtU7hcBvbUxCzhyOvpzmo.pfSGqMA9pExEmsmM7kpYJMZ_wNY84yiuk4C5X-tFwNE&dib_tag=se&keywords=Whisky+Johnnie+Walker+Red+Label+1L&qid=1780518563&s=grocery&sr=1-4"
"fadb1b289f4c1901eb175336ed163e3b","2026-06-07","2026-06-07 20:13:13.513","Amazon","cerveja","Heineken","Cerveja Heineken Lata 350ml","Heineken Cerveja Sleek Lata 350ml Pack 12 Unidades","12","57.99","4.83","https://www.amazon.com.br/Cerveja-Heineken-Pilsen-LATA-350/dp/B0CMXW6ZYB/ref=sr_1_4?dib=eyJ2IjoiMSJ9.YwlMALGyaB1eLiHvQ-WdbBIIMV7c8H50B7mwq8QJY1Y2DHVlySjItWJH9SwbAO_oC-xmMvt4NYMxdNBVJvKiGWeFp04ltDQ_TIY6jD9FFek5l07DeOgRXaGU5EW1kGxgekKWl-KKPzbsWqnFkVvVcR9E0_M1lQa2sMoyQnG74-yT_sJzf7LL-iMq0s4Ao3feJtzRrBpv01dcV7jTMbOjSPbw2o48eGEbMoGC2_oW-SygNWTCRGNKWsj4GH6YdlkalxCzgiyi_T5Aq2ZyDmY8ZclnlZuhfWqy61PzTRdi_wU.6Ks3BF5tp0TKvnnjrzyf43uMM3aq7PWhea2EAGHC4nI&dib_tag=se&keywords=Cerveja+Heineken+350ml&qid=1780873892&s=grocery&sr=1-4"
"ecd7ba5db428f705c9cf771867b7b298","2026-06-07","2026-06-07 20:13:32.279","Amazon","whisky","Johnnie Walker","Whisky Johnnie Walker Red Label 1L","Whisky Johnnie Walker Red Label 1L","1","88.87","88.87","https://www.amazon.com.br/Whisky-Johnnie-Walker-Label-Blended/dp/B004Q47N5G/ref=sr_1_4?dib=eyJ2IjoiMSJ9.6_W5nvO8nbL1-obijYzgd4X9sGjwjKD8kpiurG_IqMEpi4eAnEik8tPtSYwXW1ahsQAM_KUrhN-cDKiQRFpbPJspOMXxzTgyHJ-YClYRpJ3z2-xZcbMS9a0d6enfjbJF3WSK1MEe9pyUZU4gwIEvsaUOIPloDDXbMVkWbmBB_13RDqmVcjemvU-0AR0z016sRZEh-tIyvATjIb295Mpf3VsBPDcn27iBmoBLBFjI31dHkKVoGCHxfjYgum8zJI0wpf6E1PzJvrtxvGo-JuLv8PLJvGnr7a0MzHahHIBr_vw.5NZg_-_sU07FWuePwOpBH6nC8mthsVW2P7x7FN3VNJk&dib_tag=se&keywords=Whisky+Johnnie+Walker+Red+Label+1L&qid=1780873912&s=grocery&sr=1-4"
"0374def0e58a3b3315fbd41455984d66","2026-06-24","2026-06-24 23:02:23.087","Amazon","cerveja","Heineken","Cerveja Heineken Lata 350ml","Heineken Cerveja Sleek Lata 350ml Pack 12 Unidades","12","59.9","4.99","https://www.amazon.com.br/Cerveja-Heineken-Pilsen-LATA-350/dp/B0CMXW6ZYB/ref=sr_1_1?dib=eyJ2IjoiMSJ9.YwlMALGyaB1eLiHvQ-WdbF9tlKhTTJYirW_Lwl1JExdinQ8oIPtfNmcf03cx4tGyhQ4XHcgKiXUUbyDCBevfna7IDB_s0JBwNBozqTE5lbYVeVX3KBAw46h_a_43uhJbypH8W61dIp6Qqu4Db8AQsHgKX_4cc8T_Lab3u5vAsroi2v8sAZIF8CNyLnHc6Fbfc8msZyt2ZUNmN9GOFBQCZsZpBcwWFa8JdxTWMAHjJ5x6hGy6SMUXvRZuSGjRczFzG5WfAH6ZKDBoXITC5YVSLrg-v3IOLn73q8Fri3dzxxc.HIce9Bz5ZCssG6fyDzWKQ_y62ofgPdtukvvI5-n7QWo&dib_tag=se&keywords=Cerveja+Heineken+350ml&qid=1782352821&s=grocery&sr=1-1"
"ed45a91103364b2c42089056d2358186","2026-06-24","2026-06-24 23:02:42.088","Amazon","whisky","Johnnie Walker","Whisky Johnnie Walker Red Label 1L","Whisky Johnnie Walker Red Label 1L","1","88.81","88.81","https://www.amazon.com.br/Whisky-Johnnie-Walker-Label-Blended/dp/B004Q47N5G/ref=sr_1_4?dib=eyJ2IjoiMSJ9.6_W5nvO8nbL1-obijYzgd4X9sGjwjKD8kpiurG_IqMGoXONTSTjcarvHJqBDOHi5-QkNnpYjeXmVCAdklaPbhrrmJo9Nhn10DH4M7ZaB5ZrX2HsVhp59Lb67FBPIGR3nImA3U0W3tDsyzgmfd3q4Uo2skeoZfqM03ldtQphc-Njfzccd3WSB1a8Ec5jVN6_3qFvqj_U9Pqh46WlUW17aYhFEv1rClpDnAJlaVqvGppql4SA-wcolUI6u9XvvJxDwxp_KSds1n86AeQeuzYI_uvcEMD7SKY0gXhWEeNvLENk.03rSXl8SGOWl4EAKjboghRlf3ra25cvFXpUH_l-X5oM&dib_tag=se&keywords=Whisky+Johnnie+Walker+Red+Label+1L&qid=1782352841&s=grocery&sr=1-4"
"c244b06a340b843e72d9fae33f715d54","2026-05-26","2026-05-26 19:43:36.983","Amazon","cerveja","Heineken","Cerveja Heineken Lata 350ml","Heineken Cerveja Sleek Lata 350ml Pack 12 Unidades","12","55.71","4.64","https://www.amazon.com.br/sspa/click?ie=UTF8&spc=MTo3NTQxNDcxNTQ3NTcxMzA0OjE3Nzk4MzUzMjQ6c3BfYXRmOjMwMTE3MjIwOTAxODAwMjo6MDo6&url=%2FCerveja-Heineken-Pilsen-LATA-350%2Fdp%2FB0CMXW6ZYB%2Fref%3Dsr_1_1_sspa%3Fdib%3DeyJ2IjoiMSJ9.YwlMALGyaB1eLiHvQ-WdbF9tlKhTTJYirW_Lwl1JExfHj3QyWl77MRXiu8i8BnoqoK_qbHQZNOhlGlw0wAz6QBuxrRIjTnmgUJJqiGe4mspcb6dXv-lLXZMsm7iw_nlnYiXQeaYu7kCU4cqTrOfK2wgVpbZYtRZXCooU86JcPkIw1ogebf9NHY7GXZ6p-RNMf_CI2_Z6ZoVhIE1TkgO7EpNb7SBTRiM1nk6M_VgFoXsKRYBoPLvS8dRqZGPw846pvTYYWR6Qnip8_-EwVzhyBxz1frf_LxHvMqGgtIVUScw.L6ZHet1pDta4JPxn3fqgHSxuky47fCPKt6R2nwI3Mbg%26dib_tag%3Dse%26keywords%3DCerveja%2BHeineken%2B350ml%26qid%3D1779835324%26s%3Dgrocery%26sr%3D1-1-spons%26sp_csd%3Dd2lkZ2V0TmFtZT1zcF9hdGY%26psc%3D1"
"cf59b288d775b1aab48b29dfd060f8ff","2026-05-26","2026-05-26 19:43:55.490","Amazon","whisky","Johnnie Walker","Whisky Johnnie Walker Red Label 1L","Whisky Johnnie Walker Red Label 1L","1","84.19","84.19","https://www.amazon.com.br/Whisky-Johnnie-Walker-Label-Blended/dp/B004Q47N5G/ref=sr_1_4?dib=eyJ2IjoiMSJ9.6_W5nvO8nbL1-obijYzgd7j5vXZ2glOsytspwwo1WJtFIjj0qJ7ot2fdD-RImGKKHA6CKInNtOuuBYuXv6H8jJTUp_YuU5bezbUB2GZU-t59_2Zp6Ff_cRUBoIQU3d1ayD5Uq4IiSRa8xM8twvKuYhd5QJAaUPIr0NzlA2OEi8l5yZmTU4b5eoU7jyd4q6x2T9zZFoPqRLatqIP4zTl2cTRdNlM9g7PsPhpjzlB_W1KmJXGHM_XwEB1pC2LGfrzDiOIHX0Hc5qlT2pPPRfWVdPLJvGnr7a0MzHahHIBr_vw.eY0FncEi37_M86KZvLauXBEGMLs0HmBn2MiXnJbi8s8&dib_tag=se&keywords=Whisky+Johnnie+Walker+Red+Label+1L&qid=1779835342&s=grocery&sr=1-4&ufe=app_do%3Aamzn1.fos.ada3c51e-29ed-4c43-bd2b-e9d26b6ec883"
"eab6f7f45ff6b0b7804349ef5d87aaa7","2026-06-06","2026-06-06 10:41:05.227","Amazon","whisky","Johnnie Walker","Whisky Johnnie Walker Red Label 1L","Whisky Johnnie Walker Double Black 1L","1","228.9","228.9","https://www.amazon.com.br/sspa/click?ie=UTF8&spc=MToxOTI5MjMwNjU1NzI0MDEzOjE3ODA3NTMxNjU6c3BfYXRmOjMwMDg0MjI3NDc3MzMwMjo6MDo6&url=%2FWhisky-Johnnie-Walker-Double-Black%2Fdp%2FB008X6TB08%2Fref%3Dsr_1_3_sspa%3Fdib%3DeyJ2IjoiMSJ9.6_W5nvO8nbL1-obijYzgd4X9sGjwjKD8kpiurG_IqMGC-AZC5ry41dn1BgDiaRHbvlNr-ydBDBUx41nrMCGF6aKQ3F8ansnihEg2hekmSHQl1Gh6ZxR10SbFpzEIZnIOuudFoY8M3v8I7vStZcFzFRNKxpmbTXgsUXbMFprA9GPQYBch-0Fm2zKEPPgMyDIL9iQdgBkD6OB3HUeXhoSRnrqLh5UT-BOOzJ3eVlAO1nc3J4KpTsuObo-ZbWxAYsBqW79QeYlxSk0avgumLLqxpPLJvGnr7a0MzHahHIBr_vw.CP-WRkMthVLxt616mYmnktp2Cfu2B3TasLhrKElizLg%26dib_tag%3Dse%26keywords%3DWhisky%2BJohnnie%2BWalker%2BRed%2BLabel%2B1L%26qid%3D1780753165%26s%3Dgrocery%26sr%3D1-3-spons%26ufe%3Dapp_do%253Aamzn1.fos.fcd6d665-32ba-4479-9f21-b774e276a678%26sp_csd%3Dd2lkZ2V0TmFtZT1zcF9hdGY%26psc%3D1"
"08aad3cf49d5c0c90a39c5a7f1f2ecca","2026-06-06","2026-06-06 10:41:16.938","Amazon","energetico","Red Bull","Energetico Red Bull Energy Drink Lata 250ml","Red Bull Lata Energético, Energy Drink, 250ml","1","7.59","7.59","https://www.amazon.com.br/sspa/click?ie=UTF8&spc=MTozMDQ4NDE2OTM4NTA5NjEzOjE3ODA3NTMxNzQ6c3BfYXRmOjMwMDc0MDQ4NzU2NzUwMjo6MDo6&url=%2FRed-Bull-Energy-Drink-250ml%2Fdp%2FB00S8EGJV4%2Fref%3Dsr_1_1_sspa%3Fdib%3DeyJ2IjoiMSJ9.JvY5LmZFXrijIu9gzwUf2ctHQeZ3EZ13FLtIhS9uRxQpeqd40HTQC5njRQJ_jfZNzrcbPqd06JhoxO16t2h_2RbvJFdt4dNcBA0J9TnQOo0TgrJ4uwWA9KHN4XRjZYZClWEZfMbBKuDp5OdDw3j74inXVY4uw53MPR9dhKTyGEhXuZGllqWRN2ZwxBkFMhDTOyLuaq0n7-SS1B4OtwBEIh6Jjz13qJdsSdnzXj5_6wbV78zQvoB7QAyMwQ3FwskYS6efj7pRO9-TErgaJAoPW-Lof-LSOcwoTO7kIo3Hblc.pN109NRefOrfQWlAc0RHninyvc2wIKNWVQFOWbjpZKc%26dib_tag%3Dse%26keywords%3DEnergetico%2BRed%2BBull%2BEnergy%2BDrink%2B250ml%26qid%3D1780753174%26s%3Dgrocery%26sr%3D1-1-spons%26sp_csd%3Dd2lkZ2V0TmFtZT1zcF9hdGY%26psc%3D1"
"d674221fd0761d91888a65d5a821a920","2026-06-03","2026-06-03 17:31:15.183","Amazon","energetico","Red Bull","Energetico Red Bull Energy Drink Lata 250ml","Red Bull Lata Energético, Energy Drink, 250ml","1","7.59","7.59","https://www.amazon.com.br/Red-Bull-Energy-Drink-250ml/dp/B00S8EGJV4/ref=sr_1_4?dib=eyJ2IjoiMSJ9.XGvdjCEaer82-rbdvTecq8KU_bJYG_tJXzaWFEMuSDO4EUHbTL8Ul6K98Hgl9hb8deExcj9Dwrn4iZHiUPnDh3MQ2A2farGBXw8_XsLzTrsTgrJ4uwWA9KHN4XRjZYZC7RyQ1Prupw-FT5RM5udIqB-na68ypjgd4C1kjsxDNacQlH6m_AGvmWglJ32avQR_Rkl7vokLBWVk9KzxtGJEsSuCJ72mGgpN1xLkF5s-irfuJT5prJm_nQA1RkD7mzGH7TR1DlMNeIWJHXMxUfun5XeIFsRo5jW_ePDjg7BLDfk.0bL0l7LLrEsXZQugjhxtsHX99UYHOkCkO_aK-j9C26Y&dib_tag=se&keywords=Energetico+Red+Bull+Energy+Drink+250ml&qid=1780518572&s=grocery&sr=1-4"
"8f47e0390583c26201c2529e792fb8e0","2026-06-03","2026-06-03 17:30:54.566","Amazon","cerveja","Spaten","Cerveja Spaten Lata 350ml","Pack Cerveja Spaten, Puro Malte, 350ml, Lata - 12 Unidades","12","54.53","4.54","https://www.amazon.com.br/Pack-Cerveja-Spaten-Malte-350ml/dp/B0CN9NGTXK/ref=sr_1_4?dib=eyJ2IjoiMSJ9.2H54ArIn9F0DKsCKbNWMtJ6YKAD2_ym-xJ33f1gh1gfzLlLEpMpovIOFOzSD0EMhL4uVjPpvJILzcUVxuzZYHbOuZN5QM_ZKQaL4yiOOR5mJ0AfdIofrFlbRktot3Q4JciR2dNZCmHRBI0Kr0y5f2N2yegEfiDhH7Z9u6a4kLd2xgZDa_2NbAFVyhQcYKikLqEWNsxCCKbgFgglIxOTQCkBqyMPIf24jdtY3EybHx1qqZMWU3FB-46FZpE9WcZTCnOe8QmBf9mGJTZhSZFAs__7WvGSX3G13NXJDW-rZ_fc.Fr91Pa74owtwp194ZeDmZqj3jUzAziiz3afW3TzyVg0&dib_tag=se&keywords=Cerveja+Spaten+350ml&qid=1780518554&s=grocery&sr=1-4"
"af3198741dd04b3aa1ca4b6004f3685e","2026-06-03","2026-06-03 17:32:42.452","Atacadao","refrigerante","Coca-Cola","Refrigerante Coca-Cola Pet 2L","Refrigerante Coca-Cola 2L","1","12.19","12.19","Extraido via Menu Dropdown"
"aae9f5ea8a9f710ac92286050b89e0c5","2026-06-03","2026-06-03 17:32:08.607","Atacadao","cerveja","Heineken","Cerveja Heineken Lata 350ml","Cerveja Heineken Sleek 350ml","1","4.99","4.99","Extraido via Menu Dropdown"
"17aaa81dfdfdc175be964fd5b4f6b9be","2026-05-26","2026-05-26 19:44:04.388","Amazon","energetico","Red Bull","Energetico Red Bull Energy Drink Lata 250ml","Pack de 4 Latas Red Bull Energético, Energy Drink, 250ml","4","31.96","7.99","https://www.amazon.com.br/Energ%C3%A9tico-Energy-Drink-250ml-latas/dp/B004HOEU4M/ref=sr_1_4?dib=eyJ2IjoiMSJ9.JvY5LmZFXrijIu9gzwUf2f-UfWP59AxGcMubRF5bp1OMjf34x60hP0uYWvEUjc8Lim3VaJXXLgRZY5JgfS0Cy43BX2CfNxDlw5Vl9VYXe_xunscMpo5YzOJjCASBcgrwCDfrX3Fto9xXMdmSDgi8Y1KxIcTjxMJWv2JqRGHvKbds-PqTgUbjsn56Z1Kh9bsz13ub8Z0JcwBZQQNA1UZ0QPGR83FokrFNxL3mU6B4590JChwlaISZYDfXflBeJBunToYQLbLpU9TKcZ7ZVyA5ncC356kW0ctyuI4vy8e0N2w.HT2WpVfgNJ3MRkfW_BaQzCKzZRTfo2Vb-0vu_89Y7Uw&dib_tag=se&keywords=Energetico+Red+Bull+Energy+Drink+250ml&qid=1779835352&s=grocery&sr=1-4"
"0dbac18976f18c8220b857b1c625a562","2026-05-26","2026-05-26 19:43:45.623","Amazon","cerveja","Spaten","Cerveja Spaten Lata 350ml","Pack Cerveja Spaten, Puro Malte, 350ml, Lata - 12 Unidades","12","58.69","4.89","https://www.amazon.com.br/Pack-Cerveja-Spaten-Malte-350ml/dp/B0CN9NGTXK/ref=sr_1_4?dib=eyJ2IjoiMSJ9.2H54ArIn9F0DKsCKbNWMtJ6YKAD2_ym-xJ33f1gh1gfzLlLEpMpovIOFOzSD0EMhN9G6qmJ8hyRthnA-3WmYlAgIPHe-Z5sLVc5qsLBUaRlpQlRJqeBKBAy5sV9pwkv-zqkS73Pfh887YPMKQLy1f3IQI4S5SJTXr7hBL8_eSQzw1yA1WNuvfo-S9CZC2VgRllMppIKWZ4fsmdRwbSr6xFmrs0Hq0iPz4GXrQQaNFMNPiCjvvP8YdGlHAZ90fo-elQWTZL7BScTfGPFt2Gd3UD53onzq64JGQnT3XpvEjHg.UPqZ1N6Rv3UDv9508a9vCmTS2zAnuSeuEWGwrNHmbIw&dib_tag=se&keywords=Cerveja+Spaten+350ml&qid=1779835333&s=grocery&sr=1-4"
"927faf46793e9d74a795ccdd20e5f292","2026-05-26","2026-05-26 19:44:57.175","Atacadao","cerveja","Heineken","Cerveja Heineken Lata 350ml","Cerveja Heineken Sleek 350ml","1","5.39","5.39","Extraido via Menu Dropdown"
"c3b6a43071262ecc31c8e4a051e56776","2026-05-26","2026-05-26 19:45:13.155","Atacadao","whisky","Johnnie Walker","Whisky Johnnie Walker Red Label 1L","Whisky Johnnie Walker Red Label 1L","1","109.9","109.9","Extraido via Menu Dropdown"
"c31364c3deb939bce9acebf6ff31ef67","2026-06-24","2026-06-24 23:02:50.804","Amazon","energetico","Red Bull","Energetico Red Bull Energy Drink Lata 250ml","Red Bull Energético, Energy Drink, 250ml, 4 latas","4","31.07","7.77","https://www.amazon.com.br/Energ%C3%A9tico-Energy-Drink-250ml-latas/dp/B004HOEU4M/ref=sr_1_1?dib=eyJ2IjoiMSJ9.JvY5LmZFXrijIu9gzwUf2c0d74qbV8vFgZs5oqoF319Xbf-KgltuDM70RcQFy8aM5l9UY3mLYY9AufOoWP9A_WnbL1uM-DjFe-CJeerqWIgyLD8c35AgYp2Dr-ZnHS6MxXJG6iNuge4tmDDv0OMlFR-na68ypjgd4C1kjsxDNae8T2f4YEw9hDiBcmmk_t4UwCWfoXlkg9SSKuoeYJTmcG2nSUiuZPRBYmREiKwM7V-S7Aga77fHSzeHPhSGZrD7XFP8u6NcRtvwsYCFTJtRv3eIFsRo5jW_ePDjg7BLDfk.TB_hoCGo3rl9X20k93x7ik-xHKOGM5I6s1gDsjALC-U&dib_tag=se&keywords=Energetico+Red+Bull+Energy+Drink+250ml&qid=1782352850&s=grocery&sr=1-1"
"fbf6ec7da2a2cf803fc6261278fb60e4","2026-06-24","2026-06-24 23:02:33.003","Amazon","cerveja","Spaten","Cerveja Spaten Lata 350ml","Pack Cerveja Spaten, Puro Malte, 350ml, Lata - 12 Unidades","12","55.79","4.65","https://www.amazon.com.br/Pack-Cerveja-Spaten-Malte-350ml/dp/B0CN9NGTXK/ref=sr_1_3?dib=eyJ2IjoiMSJ9.2H54ArIn9F0DKsCKbNWMtJ6YKAD2_ym-xJ33f1gh1gftk67KJI4GjSHJQCkLqY9_bqa8cUBOLXxn75OWuq8e_JdT-1fKEDrZdXqoe0zpBZwOLY09pt1sK06nNqzrmuVB4ZclgJoeir0Yxam7Whfu9FKR2EsVaFC8b9iGu59OIdM-yKufYU3JxQw-Yi-S_oRuWBebylkSP1sEotFc6STGJVuIBVVaiBw_MT_-mzgtVJcf8BNyToN9tHOJtoEfrabV021-qr52stWnDs3t-Dj0yz53onzq64JGQnT3XpvEjHg.HPid8rsGi7InWmD_TqhqNcVaIP-6Kt0--tfQBBqMH8k&dib_tag=se&keywords=Cerveja+Spaten+350ml&qid=1782352831&s=grocery&sr=1-3"
"16e2260ba9095286ed9049a0ffc8ab3a","2026-06-24","2026-06-24 23:04:24.309","Atacadao","refrigerante","Coca-Cola","Refrigerante Coca-Cola Pet 2L","Refrigerante Coca-Cola 2L","1","9.99","9.99","Extraido via Menu Dropdown"
"12a24a608adc27e651ae6b5d009e5e4e","2026-06-24","2026-06-24 23:03:50.038","Atacadao","cerveja","Heineken","Cerveja Heineken Lata 350ml","Cerveja Heineken Sleek 350ml","1","4.89","4.89","Extraido via Menu Dropdown"
"b9ca7cea480ea184738436549194cd81","2026-06-07","2026-06-07 20:13:42.058","Amazon","energetico","Red Bull","Energetico Red Bull Energy Drink Lata 250ml","Red Bull Energético, Energy Drink, 250ml, 4 latas","4","29.96","7.49","https://www.amazon.com.br/Energ%C3%A9tico-Energy-Drink-250ml-latas/dp/B004HOEU4M/ref=sr_1_1?dib=eyJ2IjoiMSJ9.JvY5LmZFXrijIu9gzwUf2ctHQeZ3EZ13FLtIhS9uRxQpeqd40HTQC5njRQJ_jfZNzrcbPqd06JhoxO16t2h_2RbvJFdt4dNcBA0J9TnQOo09Fi1TAXGnNuK2tY1tdaFAfeZ6JpBHwpOhFMV1_K41J80sON2GiEriH8O8xfvh1HNVzadXFZ-D332IS9CdXqLcn0MM1VWVytJp4Ov6tDul5XJVhSsJALvKz3IOpk1Doht_G5soZruZtJ9h05ZcnVGCB_6691Sbe9GjaFVZaU_yTomixIQMxVaSXU86eCRfyZk.vUZ4Ussz7u7VcX3p0chv1jeiXWFQCRNZBOcxAXFoQPU&dib_tag=se&keywords=Energetico+Red+Bull+Energy+Drink+250ml&qid=1780873922&s=grocery&sr=1-1"
"59d20f73c35a6a18f1b117c8ba199a3e","2026-06-07","2026-06-07 20:15:12.302","Atacadao","refrigerante","Coca-Cola","Refrigerante Coca-Cola Pet 2L","Refrigerante Coca-Cola 2L","1","10.99","10.99","Extraido via Menu Dropdown"
"861b6d400004b32687014b5e9d7eb373","2026-06-07","2026-06-07 20:14:54.912","Atacadao","whisky","Johnnie Walker","Whisky Johnnie Walker Red Label 1L","Whisky Johnnie Walker Red Label 1L","1","109.91","109.91","Extraido via Menu Dropdown"
"f0ca6b50b747eb4a0fd10c4cdfb17da3","2026-06-07","2026-06-07 20:15:04.196","Atacadao","energetico","Red Bull","Energetico Red Bull Energy Drink Lata 250ml","Energético Red Bull Energy Drink 250ml","1","7.49","7.49","Extraido via Menu Dropdown"
"189811b34e237ff4fd9e27f989ce8ad4","2026-06-03","2026-06-03 17:32:25.186","Atacadao","whisky","Johnnie Walker","Whisky Johnnie Walker Red Label 1L","Whisky Johnnie Walker Red Label 1L","1","109.91","109.91","Extraido via Menu Dropdown"
"04fd890347ba6ac1edb03b149b616fdd","2026-06-03","2026-06-03 17:32:34.412","Atacadao","energetico","Red Bull","Energetico Red Bull Energy Drink Lata 250ml","Energético Red Bull Energy Drink 250ml","1","7.49","7.49","Extraido via Menu Dropdown"
"3a69fa22ae63d7633fd218ca76cac4dd","2026-06-03","2026-06-03 17:32:16.285","Atacadao","cerveja","Spaten","Cerveja Spaten Lata 350ml","Cerveja Spaten Puro Malte 350ml","1","3.89","3.89","Extraido via Menu Dropdown"
"0f43a70a583666e7b5c6c03eb76d61d2","2026-06-03","2026-06-03 17:33:21.605","MercadoLivre","refrigerante","Coca-Cola","Refrigerante Coca-Cola Pet 2L","Refrigerante Coca-Cola Original Garrafa 2l","1","19.0","19.0","https://www.mercadolivre.com.br/refrigerante-coca-cola-original-garrafa-2l/p/MLB18306190?pdp_filters=deal%3AMLB1020501-1#polycard_client=search-desktop&be_origin=backend&search_layout=grid&position=1&type=product&tracking_id=dff4deac-e4d9-4628-abdb-ed032e874f17&wid=MLB5336709716&sid=search"
"0e3f88a83e411f9634844d8a23e41ec6","2026-06-03","2026-06-03 17:32:59.390","MercadoLivre","cerveja","Heineken","Cerveja Heineken Lata 350ml","Cerveja 0.0% De Álcool Pacote 12 Latas 350ml Heineken","12","83.0","6.92","https://www.mercadolivre.com.br/cerveja-00-de-alcool-pacote-12-latas-350ml-heineken/p/MLB28256811?pdp_filters=deal%3AMLB1020501-1#polycard_client=search-desktop&be_origin=backend&search_layout=grid&position=1&type=product&tracking_id=f040f19e-c95b-485c-a396-410d56448130&wid=MLB5471679380&sid=search"
"4a12bb242a6e91b9393d0d6adfd85f2b","2026-06-03","2026-06-03 17:33:11.319","MercadoLivre","whisky","Johnnie Walker","Whisky Johnnie Walker Red Label 1L","Whisky Johnnie Walker Red Label 1000ml","1","127.0","127.0","https://www.mercadolivre.com.br/whisky-johnnie-walker-red-label-1000ml/up/MLBU1714797698?pdp_filters=deal%3AMLB1020501-1#polycard_client=search-desktop&be_origin=backend&search_layout=grid&position=2&type=product&tracking_id=b2a1dc65-e3a1-4e41-987c-a94f6aaf146c&wid=MLB1557222331&sid=search"
"8c0e60657e7d271391780b622ea90252","2026-06-03","2026-06-03 17:33:16.234","MercadoLivre","energetico","Red Bull","Energetico Red Bull Energy Drink Lata 250ml","Red Bull Energético, Energy Drink, 250ml, 4 latas","4","41.0","10.25","https://www.mercadolivre.com.br/red-bull-energetico-energy-drink-250ml-4-latas/p/MLB18308564?pdp_filters=deal%3AMLB1020501-1#polycard_client=search-desktop&be_origin=backend&search_layout=grid&position=1&type=product&tracking_id=dd184a25-10cd-4c81-a839-c80667b10579&wid=MLB3149585957&sid=search"
"203d942e5858b154d2342be51a72b453","2026-06-03","2026-06-03 17:33:06.231","MercadoLivre","cerveja","Spaten","Cerveja Spaten Lata 350ml","Cerveja Spaten Puro Malte lata 350ml 12 u","1","84.0","84.0","https://www.mercadolivre.com.br/cerveja-spaten-puro-malte-lata-350ml-12-u/p/MLB19544777?pdp_filters=deal%3AMLB1020501-1#polycard_client=search-desktop&be_origin=backend&search_layout=grid&position=1&type=product&tracking_id=e322381d-d3b6-444e-8312-544ea7881b0b&wid=MLB6205082268&sid=search"
"09515b09a1b289d5a0656669ebb0b9bb","2026-06-06","2026-06-06 10:42:44.316","Atacadao","refrigerante","Coca-Cola","Refrigerante Coca-Cola Pet 2L","Refrigerante Coca-Cola 2L","1","10.99","10.99","Extraido via Menu Dropdown"
"ee57c52a5f6ba12d93e5bb3502714600","2026-06-06","2026-06-06 10:42:26.949","Atacadao","whisky","Johnnie Walker","Whisky Johnnie Walker Red Label 1L","Whisky Johnnie Walker Red Label 1L","1","109.91","109.91","Extraido via Menu Dropdown"
"cb583692bfcc6460c6a7b90f5d209c4b","2026-06-06","2026-06-06 10:42:36.183","Atacadao","energetico","Red Bull","Energetico Red Bull Energy Drink Lata 250ml","Energético Red Bull Energy Drink 250ml","1","7.49","7.49","Extraido via Menu Dropdown"
"ca39d0d7b30201226c997d98bd0c750d","2026-06-06","2026-06-06 10:42:18.029","Atacadao","cerveja","Spaten","Cerveja Spaten Lata 350ml","Cerveja Spaten Puro Malte 350ml","1","3.89","3.89","Extraido via Menu Dropdown"
"13820cfed117de79c3a604b9c4ac6c50","2026-05-26","2026-05-26 19:45:21.934","Atacadao","energetico","Red Bull","Energetico Red Bull Energy Drink Lata 250ml","Energético Red Bull Energy Drink 250ml","1","9.49","9.49","Extraido via Menu Dropdown"
"65929c0e22d054b2b5fd4be1e01c01d0","2026-05-26","2026-05-26 19:45:04.747","Atacadao","cerveja","Spaten","Cerveja Spaten Lata 350ml","Cerveja Spaten Puro Malte 350ml","1","4.69","4.69","Extraido via Menu Dropdown"
"fa186791de5b165b88f42a7e36b8f2e9","2026-05-26","2026-05-26 19:46:06.173","MercadoLivre","refrigerante","Coca-Cola","Refrigerante Coca-Cola Pet 2L","Refrigerante Coca-Cola Original Garrafa 2l","1","12.0","12.0","https://www.mercadolivre.com.br/refrigerante-coca-cola-original-garrafa-2l/p/MLB18306190?pdp_filters=deal%3AMLB1020501-1#polycard_client=search-desktop&be_origin=backend&search_layout=grid&position=1&type=product&tracking_id=43fd15b9-7582-4a2b-b04a-c7ff21a1dba9&wid=MLB5364349910&sid=search"
"8f5019b98f1208b10194add27b450baf","2026-05-26","2026-05-26 19:45:45.406","MercadoLivre","cerveja","Heineken","Cerveja Heineken Lata 350ml","Cerveja Heineken Puro malte Sleek 12 Latas 350ml","12","89.0","7.42","https://www.mercadolivre.com.br/cerveja-heineken-puro-malte-sleek-12-latas-350ml/p/MLB27045988?pdp_filters=deal%3AMLB1020501-1#polycard_client=search-desktop&be_origin=backend&search_layout=grid&position=1&type=product&tracking_id=4dd5f0d0-3bf1-4646-82e2-0fa818fc431b&wid=MLB5472125692&sid=search"
"49f1f40991934c5401371d1267b66a7e","2026-05-26","2026-05-26 19:45:56.506","MercadoLivre","whisky","Johnnie Walker","Whisky Johnnie Walker Red Label 1L","Johnnie Walker Whisky Red Label Blended Scotch 1l","1","150.0","150.0","https://www.mercadolivre.com.br/johnnie-walker-whisky-red-label-blended-scotch-1l/up/MLBU2311159004?pdp_filters=deal%3AMLB1020501-1#polycard_client=search-desktop&be_origin=backend&search_layout=grid&position=2&type=product&tracking_id=9bb13d73-1ad8-4566-8e13-f28703d86c55&wid=MLB3655458899&sid=search"
"f2449b0b3c9db78b0326136609c33e0c","2026-05-26","2026-05-26 19:46:01.201","MercadoLivre","energetico","Red Bull","Energetico Red Bull Energy Drink Lata 250ml","Red Bull Energético, Energy Drink, 250ml, 24 latas","24","251.0","10.46","https://www.mercadolivre.com.br/red-bull-energetico-energy-drink-250ml-24-latas/p/MLB38311267?pdp_filters=deal%3AMLB1020501-1#polycard_client=search-desktop&be_origin=backend&search_layout=grid&position=1&type=product&tracking_id=a07e1f85-2dac-415c-8799-dd9122af34bd&wid=MLB4048566387&sid=search"
"9e97074c380528160d15493e5af94891","2026-05-26","2026-05-26 19:45:51.573","MercadoLivre","cerveja","Spaten","Cerveja Spaten Lata 350ml","Cerveja Spaten Puro Malte lata 350ml 12 u","1","84.0","84.0","https://www.mercadolivre.com.br/cerveja-spaten-puro-malte-lata-350ml-12-u/p/MLB19544777?pdp_filters=deal%3AMLB1020501-1#polycard_client=search-desktop&be_origin=backend&search_layout=grid&position=1&type=product&tracking_id=048ae1d0-eb8a-482f-8fd2-10d284d07d9b&wid=MLB6205082268&sid=search"
"a59e2e17f8db4c490bb180d81244c18f","2026-05-26","2026-05-26 19:46:27.269","PaoDeAcucar","cerveja","Heineken","Cerveja Heineken Lata 350ml","Cerveja Heineken Lata Sleek 350ml","1","4.79","4.79","https://www.paodeacucar.com/produto/1606865/cerveja-heineken-lata-sleek-350ml"
"53a6695c1999e236e57dc4599017874f","2026-06-24","2026-06-24 23:04:06.812","Atacadao","whisky","Johnnie Walker","Whisky Johnnie Walker Red Label 1L","Whisky Johnnie Walker Red Label 1L","1","79.9","79.9","Extraido via Menu Dropdown"
"645e9adaf3f2a9a7702fc58b99674c33","2026-06-24","2026-06-24 23:04:16.232","Atacadao","energetico","Red Bull","Energetico Red Bull Energy Drink Lata 250ml","Energético Red Bull Energy Drink 250ml","1","7.49","7.49","Extraido via Menu Dropdown"
"8dcf1d15b931bea07d060a64a35421b7","2026-06-24","2026-06-24 23:03:57.717","Atacadao","cerveja","Spaten","Cerveja Spaten Lata 350ml","Cerveja Spaten Puro Malte 350ml","1","3.99","3.99","Extraido via Menu Dropdown"
"b09a4adce6748ee6b6c2d5601869d1a8","2026-06-24","2026-06-24 23:09:39.095","MercadoLivre","refrigerante","Coca-Cola","Refrigerante Coca-Cola Pet 2L","Pack 12 Refrigerante Coca-cola Mini Original Lata 220ml","12","44.9","3.74","https://click1.mercadolivre.com.br/mclics/clicks/external/MLB/count?a=htjVUDrV2jxJ%2Bopmz4WWqVQjzHX3eMwYDKBAq3Q6h4B%2F7RHNmx%2BSJAKR55MskwTCgsNgnmswZytsUoDAwB6rnohE0bq%2Fm%2FtPpx%2FiAZn03pR9qAzPh%2Bx69vOw3QY%2Fp7De3o7zC117YWeSunCMvX5FzER6uz%2BXP3ff8sJot5fT3rIKtl2Ym63AqPJa5Zk7AXi5QHILUHHZ1CkITtjRAcuu2fxDixFv0dJiehWPUe7WvuAD2NISyUmWWoUKJnd8JLDTJvJ50eVWvJOXPDJ9Emq2G8zayT2Shhvh9fQX%2FklBS2Xq2l4J8Ab2QR6MFuPRQz89%2Baw5%2Be18jI1nTlbO3CGXqcOCpX2qmWKa8FM09P9KYCXActpBePjT52FGWYUgjW%2BR3yToYn8O%2FKFNkyctZs2mUjCH9oh%2Fiww87A4qHwTk07WHaf9gokLIoi9gSODi1jjYL%2FI%2FnORuqB9vg7NhbsEYRecJ33%2B9Q5gcc470DFxpRWG7n2rEmMZF6JzgZ0zfTgBwzhE04UGbcq2jZzyLrixOuZu7Edc09%2BeVOVolEzRDU7x%2BtaafKW3MCW8qtL2RWUL0mnAgro3F8HeOsAdrSpi3YLFVfiZ3GCV9f71TKjy3eyPHN6vwlhucyetFj%2FoQ2i3YZNFnuthLMWxDbqOJT7BgjZV8HDGJf0vfD3yzLlxrr27jmwncca0aB4rxGQ8nFKgl8tl8NstkRhU73VKqIf3bej3snc4p%2BvNnTh2dncIERsQyzr7HHfbBz3WBNgxyEx2gknX1yVyYhofWFTIyDivMP1iDq9uIo8sB1YOQmzR9CaqLB8B22mpfEW2SUKp6E7ldrilFb8xqYnZdnwmTUR1Etvctfo%2FR0bgMnfYoiLA%2B5aTgl8tiOjK6RWlMoOWKnNs8%2BjyzzsfUryBfujQfo0%2BT1SFzibWeTtmHlSOoZQbQlPgFyljS7ByqYUeJI1W%2Bf3qyBFKizGE70%2BEv%2BYIS82rZX6ur%2FNzIm3ybM35nuycNusAxlZ%2BPwHSBWhM8iLO6Ucc%3D&pdp_filters=deal%3AMLB1020501-1%7Citem_id%3AMLB3830304263#polycard_client=search-desktop&is_advertising=true&searchVariation=MLB24741552&backend_model=search-backend&be_origin=backend&search_layout=grid&position=8&type=pad&tracking_id=4d645be6-4a71-43af-b8a6-8390442b1eea&wid=MLB3830304263&sid=search"
"71b282f92ea148cd73485537157f629c","2026-06-24","2026-06-24 23:09:17.639","MercadoLivre","cerveja","Heineken","Cerveja Heineken Lata 350ml","Cerveja 0.0% De Álcool Pacote 12 Latas 350ml Heineken","12","83.9","6.99","https://www.mercadolivre.com.br/cerveja-00-de-alcool-pacote-12-latas-350ml-heineken/p/MLB28256811?pdp_filters=deal%3AMLB1020501-1#polycard_client=search-desktop&be_origin=backend&search_layout=grid&position=2&type=product&tracking_id=bd78a40e-e5a3-4039-8a7a-c6d0d2e7621c&wid=MLB5471679380&sid=search"
"cbf1cddcf7312eaffb876b9f065c4aff","2026-06-24","2026-06-24 23:09:28.200","MercadoLivre","whisky","Johnnie Walker","Whisky Johnnie Walker Red Label 1L","Whisky Johnnie Walker Red Label 500ml","1","54.9","54.9","https://www.mercadolivre.com.br/whisky-johnnie-walker-red-label-500ml/up/MLBU3857737682?pdp_filters=deal%3AMLB1020501-1#polycard_client=search-desktop&be_origin=backend&search_layout=grid&position=18&type=product&tracking_id=528fd9f6-f60e-46de-b402-e8df7f917b75&wid=MLB4542376129&sid=search"
"7fa1eece00db653417248b24c91e5cc3","2026-06-24","2026-06-24 23:09:33.938","MercadoLivre","energetico","Red Bull","Energetico Red Bull Energy Drink Lata 250ml","Red Bull Energético, Energy Drink, 250ml, 4 latas","4","41.96","10.49","https://www.mercadolivre.com.br/red-bull-energetico-energy-drink-250ml-4-latas/p/MLB18308564?pdp_filters=deal%3AMLB1020501-1#polycard_client=search-desktop&be_origin=backend&search_layout=grid&position=1&type=product&tracking_id=f123556f-8fb9-4ee7-9d14-7492509e3cb9&wid=MLB3149585957&sid=search"
"b6d0afeea400eee1a43b4cbdf956e0ac","2026-06-24","2026-06-24 23:09:22.633","MercadoLivre","cerveja","Spaten","Cerveja Spaten Lata 350ml","Cerveja Spaten Munich Puro Malte 269ml Pack 8 Latas","8","39.9","4.99","https://www.mercadolivre.com.br/cerveja-spaten-munich-puro-malte-269ml-pack-8-latas/p/MLB24392161?pdp_filters=deal%3AMLB1020501-1#polycard_client=search-desktop&be_origin=backend&search_layout=grid&position=2&type=product&tracking_id=37f9da5e-dd52-4dd6-b02e-3f77402bc2f0&wid=MLB3539449063&sid=search"
"2a8d22a4e41a507915751321ff5cd932","2026-06-03","2026-06-03 17:33:42.911","PaoDeAcucar","cerveja","Heineken","Cerveja Heineken Lata 350ml","Cerveja Heineken Lata Sleek 350ml","1","4.79","4.79","https://www.paodeacucar.com/produto/1606865/cerveja-heineken-lata-sleek-350ml"
"2f37f8e93c004191fb87191374988eca","2026-06-03","2026-06-03 17:34:21.808","PaoDeAcucar","whisky","Johnnie Walker","Whisky Johnnie Walker Red Label 1L","Whisky Escocês Blended Red Label Johnnie Walker Garrafa 1l","1","89.99","89.99","https://www.paodeacucar.com/produto/16238/whisky-escoces-blended-red-label-johnnie-walker-garrafa-1l"
"e33ab0add51cc52dc3f1e41a12c0b905","2026-06-03","2026-06-03 17:34:37.887","PaoDeAcucar","energetico","Red Bull","Energetico Red Bull Energy Drink Lata 250ml","Energético Red Bull Energy Drink 250ml - 4 Latas","4","29.96","7.49","https://www.paodeacucar.com/produto/150964/energetico-red-bull-energy-drink-250ml---4-latas"
"7b9eec0d1663f1ad180dd2da2b6acec3","2026-06-03","2026-06-03 17:34:00.668","PaoDeAcucar","cerveja","Spaten","Cerveja Spaten Lata 350ml","Cerveja Spaten Puro Malte Lata 350ml - 2 Unidades","2","7.58","3.79","https://www.paodeacucar.com/produto/1447228/cerveja-spaten-puro-malte-lata-350ml---2-unidades"
"671a03e2d85afc3e89a7afab8d00a4f3","2026-06-03","2026-06-03 17:36:13.369","TendaAtacado","refrigerante","Coca-Cola","Refrigerante Coca-Cola Pet 2L","Refrigerante Coca-Cola Original Garrafa 2l","1","12.29","12.29","https://www.tendaatacado.com.br/produto/refrigerante-coca-cola-original-garrafa-2l"
"aabb6be689e4ed0fe2fb69bb784298cd","2026-06-03","2026-06-03 17:35:09.872","TendaAtacado","cerveja","Heineken","Cerveja Heineken Lata 350ml","Cerveja Heineken Lata Sleek 350ml","1","5.99","5.99","https://www.tendaatacado.com.br/produto/cerveja-heineken-lata-350ml"
"63def17c979da03a1d49185ef39b1f76","2026-06-03","2026-06-03 17:35:36.651","TendaAtacado","whisky","Johnnie Walker","Whisky Johnnie Walker Red Label 1L","Whisky Escocês Red Label Johnnie Walker 1L","1","104.9","104.9","https://www.tendaatacado.com.br/produto/whisky-escoces-red-label-johnnie-walker-1l-417"
"4664797668013c51fa1136c15db5e63f","2026-06-03","2026-06-03 17:35:54.815","TendaAtacado","energetico","Red Bull","Energetico Red Bull Energy Drink Lata 250ml","Energético Red Bull Energy Drink Melancia Edition 250 ml","1","7.49","7.49","https://www.tendaatacado.com.br/produto/energetico-red-bull-summer-melancia-250ml"
"ce2e12d7accf6621fc09bcd49b0c557d","2026-06-03","2026-06-03 17:35:23.041","TendaAtacado","cerveja","Spaten","Cerveja Spaten Lata 350ml","Cerveja Puro Malte Munich Helles Spaten Lata 350ml","1","3.99","3.99","https://www.tendaatacado.com.br/produto/cerveja-puro-malte-munich-helles-spaten-lata-350ml"
"147809a3e5b453d3eed7f0144585661c","2026-06-03","2026-06-03 17:37:15.265","ZeDelivery","cerveja","Heineken","Heineken 350ml","Heineken 350ml","1","6.49","6.49","Extraido via Menu de Busca"
"c7d0c9f4f29bbabc9fcff32dee07717a","2026-06-03","2026-06-03 17:37:35.267","ZeDelivery","whisky","Johnnie Walker","Johnnie Walker Red Label 1L","Whisky Johnnie Walker Red Label 1L","1","110.19","110.19","Extraido via Menu de Busca"
"d66a0e96262bfef53bb7ef38fdb04e59","2026-06-03","2026-06-03 17:37:46.342","ZeDelivery","energetico","Red Bull","Red Bull Energy Drink 250ml","Energético Red Bull Energy Drink 250ml","1","10.99","10.99","Extraido via Menu de Busca"
"dc4516b336fdb0326043d52b7a237474","2026-06-03","2026-06-03 17:37:24.178","ZeDelivery","cerveja","Spaten","Spaten 350ml","Spaten 350ml","1","4.79","4.79","Extraido via Menu de Busca"
"b2012be2572f6bde116369271f6da9de","2026-06-07","2026-06-07 20:14:45.949","Atacadao","cerveja","Spaten","Cerveja Spaten Lata 350ml","Cerveja Spaten Puro Malte 350ml","1","3.89","3.89","Extraido via Menu Dropdown"
"0dd26a90fb8980dd3188c1aaf79051f0","2026-06-07","2026-06-07 20:16:11.838","MercadoLivre","refrigerante","Coca-Cola","Refrigerante Coca-Cola Pet 2L","Refrigerante Coca-Cola Original Garrafa 2l","1","19.0","19.0","https://www.mercadolivre.com.br/refrigerante-coca-cola-original-garrafa-2l/p/MLB18306190?pdp_filters=deal%3AMLB1020501-1#polycard_client=search-desktop&be_origin=backend&search_layout=grid&position=1&type=product&tracking_id=9fb19c35-a92f-4441-a8da-897c381e387c&wid=MLB5336709716&sid=search"
"97eba22f5831f76b7eb1c7c78119187b","2026-06-07","2026-06-07 20:15:49.668","MercadoLivre","cerveja","Heineken","Cerveja Heineken Lata 350ml","Cerveja 0.0% De Álcool Pacote 12 Latas 350ml Heineken","12","83.0","6.92","https://www.mercadolivre.com.br/cerveja-00-de-alcool-pacote-12-latas-350ml-heineken/p/MLB28256811?pdp_filters=deal%3AMLB1020501-1#polycard_client=search-desktop&be_origin=backend&search_layout=grid&position=1&type=product&tracking_id=e3a346b8-0d6b-4c0c-ae82-78d88033866c&wid=MLB5471679380&sid=search"
"175c2642d924d77b1f997ba5c1bd26e3","2026-06-07","2026-06-07 20:16:01.306","MercadoLivre","whisky","Johnnie Walker","Whisky Johnnie Walker Red Label 1L","Whisky Johnnie Walker Red Label 1000ml","1","127.0","127.0","https://www.mercadolivre.com.br/whisky-johnnie-walker-red-label-1000ml/up/MLBU1714797698?pdp_filters=deal%3AMLB1020501-1#polycard_client=search-desktop&be_origin=backend&search_layout=grid&position=2&type=product&tracking_id=456b108f-8a03-4686-b3eb-89ebc3f86faf&wid=MLB1557222331&sid=search"
"933d592d6e7414c6e10a6962c0447351","2026-06-07","2026-06-07 20:16:06.495","MercadoLivre","energetico","Red Bull","Energetico Red Bull Energy Drink Lata 250ml","Red Bull Energético, Energy Drink, 250ml, 4 latas","4","41.0","10.25","https://www.mercadolivre.com.br/red-bull-energetico-energy-drink-250ml-4-latas/p/MLB18308564?pdp_filters=deal%3AMLB1020501-1#polycard_client=search-desktop&be_origin=backend&search_layout=grid&position=1&type=product&tracking_id=d46ece45-d47b-43a4-9539-9349f0268841&wid=MLB3149585957&sid=search"
"08fff2d93413dfcacc82f5a7a63129f2","2026-06-07","2026-06-07 20:15:56.148","MercadoLivre","cerveja","Spaten","Cerveja Spaten Lata 350ml","Cerveja Spaten Puro Malte lata 350ml 12 u","1","84.0","84.0","https://www.mercadolivre.com.br/cerveja-spaten-puro-malte-lata-350ml-12-u/p/MLB19544777?pdp_filters=deal%3AMLB1020501-1#polycard_client=search-desktop&be_origin=backend&search_layout=grid&position=1&type=product&tracking_id=4384c14c-80c4-4a59-bdbb-e32fb8174076&wid=MLB6205082268&sid=search"
"4fe59dde40f6e2c2fcd6aad1acceee6a","2026-06-07","2026-06-07 20:16:33.527","PaoDeAcucar","cerveja","Heineken","Cerveja Heineken Lata 350ml","Cerveja Heineken Lata Sleek 350ml","1","6.29","6.29","https://www.paodeacucar.com/produto/1606865/cerveja-heineken-lata-sleek-350ml"
"6d3fef443250d0407c84165eb707784a","2026-06-07","2026-06-07 20:16:56.684","PaoDeAcucar","whisky","Johnnie Walker","Whisky Johnnie Walker Red Label 1L","Whisky Escocês Blended Red Label Johnnie Walker Garrafa 1l","1","89.99","89.99","https://www.paodeacucar.com/produto/16238/whisky-escoces-blended-red-label-johnnie-walker-garrafa-1l"
"985f10508559f579c555f118f1ca8b37","2026-05-26","2026-05-26 19:46:49.633","PaoDeAcucar","whisky","Johnnie Walker","Whisky Johnnie Walker Red Label 1L","Whisky Escocês Blended Red Label Johnnie Walker Garrafa 1l","1","99.99","99.99","https://www.paodeacucar.com/produto/16238/whisky-escoces-blended-red-label-johnnie-walker-garrafa-1l"
"8fb2df6cf46565c5a3c38a7dc308dfe5","2026-05-26","2026-05-26 19:47:00.875","PaoDeAcucar","energetico","Red Bull","Energetico Red Bull Energy Drink Lata 250ml","Energético Red Bull Energy Drink 250ml - 4 Latas","4","31.96","7.99","https://www.paodeacucar.com/produto/150964/energetico-red-bull-energy-drink-250ml---4-latas"
"95a0936907736f9abf13287740ede8f0","2026-05-26","2026-05-26 19:46:38.408","PaoDeAcucar","cerveja","Spaten","Cerveja Spaten Lata 350ml","Cerveja Spaten Puro Malte Lata 350ml - 2 Unidades","2","7.98","3.99","https://www.paodeacucar.com/produto/1447228/cerveja-spaten-puro-malte-lata-350ml---2-unidades"
"9870f8b4b2aa1c2f22185003d48922aa","2026-05-26","2026-05-26 19:48:28.859","TendaAtacado","refrigerante","Coca-Cola","Refrigerante Coca-Cola Pet 2L","Refrigerante Coca-Cola Original Garrafa 2l","1","12.29","12.29","https://www.tendaatacado.com.br/produto/refrigerante-coca-cola-original-garrafa-2l"
"700ed6be73c0601bf1c525df2727e78d","2026-05-26","2026-05-26 19:47:31.847","TendaAtacado","cerveja","Heineken","Cerveja Heineken Lata 350ml","Cerveja Heineken Lata Sleek 350ml","1","5.39","5.39","https://www.tendaatacado.com.br/produto/cerveja-heineken-lata-350ml"
"e6cefd1f50d7d8b665ef52688b4edba2","2026-05-26","2026-05-26 19:47:57.782","TendaAtacado","whisky","Johnnie Walker","Whisky Johnnie Walker Red Label 1L","Whisky Escocês Red Label Johnnie Walker 1L","1","99.89","99.89","https://www.tendaatacado.com.br/produto/whisky-escoces-red-label-johnnie-walker-1l-417"
"36114525ef243ecdde5eb2d157883c47","2026-05-26","2026-05-26 19:48:15.953","TendaAtacado","energetico","Red Bull","Energetico Red Bull Energy Drink Lata 250ml","Energético Red Bull Energy Drink 250ml","1","9.99","9.99","https://www.tendaatacado.com.br/produto/energetico-red-bull-250ml-1020"
"80ae317f76ee4960cce637e1e28a3740","2026-05-26","2026-05-26 19:47:44.846","TendaAtacado","cerveja","Spaten","Cerveja Spaten Lata 350ml","Cerveja Puro Malte Munich Helles Spaten Lata 350ml","1","4.89","4.89","https://www.tendaatacado.com.br/produto/cerveja-puro-malte-munich-helles-spaten-lata-350ml"
"72b6bfa526ba4e7f4e6ea4e5ced21799","2026-05-26","2026-05-26 19:49:31.650","ZeDelivery","cerveja","Heineken","Heineken 350ml","Heineken 350ml","1","6.09","6.09","Extraido via Menu de Busca"
"433bd8a43c6c8b3293a38f0982c6e26a","2026-05-26","2026-05-26 19:49:51.099","ZeDelivery","whisky","Johnnie Walker","Johnnie Walker Red Label 1L","Whisky Johnnie Walker Red Label 1L","1","110.19","110.19","Extraido via Menu de Busca"
"2f82cd90d3ca64ce1f7c876ece402905","2026-05-26","2026-05-26 19:50:01.787","ZeDelivery","energetico","Red Bull","Red Bull Energy Drink 250ml","Energético Red Bull Energy Drink 250ml","1","10.99","10.99","Extraido via Menu de Busca"
"1ba9f782de6525f7c987accfd4fc3c02","2026-05-26","2026-05-26 19:49:40.374","ZeDelivery","cerveja","Spaten","Spaten 350ml","Spaten 350ml","1","4.79","4.79","Extraido via Menu de Busca"
"cf672127223e6638f0f6ef98f527c47d","2026-06-06","2026-06-06 10:43:23.999","MercadoLivre","refrigerante","Coca-Cola","Refrigerante Coca-Cola Pet 2L","Refrigerante Coca-Cola Original Garrafa 2l","1","19.0","19.0","https://www.mercadolivre.com.br/refrigerante-coca-cola-original-garrafa-2l/p/MLB18306190?pdp_filters=deal%3AMLB1020501-1#polycard_client=search-desktop&be_origin=backend&search_layout=grid&position=1&type=product&tracking_id=ce917668-ed44-4e37-868f-b26f9607fb24&wid=MLB5336709716&sid=search"
"af0937ff19def7414ff7438aa313b8c8","2026-06-06","2026-06-06 10:43:01.829","MercadoLivre","cerveja","Heineken","Cerveja Heineken Lata 350ml","Cerveja 0.0% De Álcool Pacote 12 Latas 350ml Heineken","12","83.0","6.92","https://www.mercadolivre.com.br/cerveja-00-de-alcool-pacote-12-latas-350ml-heineken/p/MLB28256811?pdp_filters=deal%3AMLB1020501-1#polycard_client=search-desktop&be_origin=backend&search_layout=grid&position=1&type=product&tracking_id=20ff8ad5-f6ab-4420-87d5-9b8b8c7d6f2a&wid=MLB5471679380&sid=search"
"08c182d3e52e3984a2ca469dba0edcc9","2026-06-06","2026-06-06 10:43:13.267","MercadoLivre","whisky","Johnnie Walker","Whisky Johnnie Walker Red Label 1L","Whisky Johnnie Walker Red Label 1000ml","1","127.0","127.0","https://www.mercadolivre.com.br/whisky-johnnie-walker-red-label-1000ml/up/MLBU1714797698?pdp_filters=deal%3AMLB1020501-1#polycard_client=search-desktop&be_origin=backend&search_layout=grid&position=2&type=product&tracking_id=3dc7bdec-e94a-4914-be2a-b80189380f56&wid=MLB1557222331&sid=search"
"686cca12ff6e7ec504dccbf54cfd5c59","2026-06-06","2026-06-06 10:43:18.487","MercadoLivre","energetico","Red Bull","Energetico Red Bull Energy Drink Lata 250ml","Red Bull Energético, Energy Drink, 250ml, 6 latas","6","75.0","12.5","https://www.mercadolivre.com.br/red-bull-energetico-energy-drink-250ml-6-latas/p/MLB18308269?pdp_filters=deal%3AMLB1020501-1#polycard_client=search-desktop&be_origin=backend&search_layout=grid&position=1&type=product&tracking_id=f124b25e-3a59-4dec-b9b6-e733b0961d50&wid=MLB4558288129&sid=search"
"e734c91a585967081aaebc830ed8b12c","2026-06-06","2026-06-06 10:43:08.035","MercadoLivre","cerveja","Spaten","Cerveja Spaten Lata 350ml","Cerveja Spaten Puro Malte lata 350ml 12 u","1","84.0","84.0","https://www.mercadolivre.com.br/cerveja-spaten-puro-malte-lata-350ml-12-u/p/MLB19544777?pdp_filters=deal%3AMLB1020501-1#polycard_client=search-desktop&be_origin=backend&search_layout=grid&position=1&type=product&tracking_id=86834d72-b92c-4478-bc62-435795dacc7c&wid=MLB6205082268&sid=search"
"80582396dfd99b39b68e085a0b19493b","2026-06-06","2026-06-06 10:43:52.120","PaoDeAcucar","cerveja","Heineken","Cerveja Heineken Lata 350ml","Cerveja Heineken Lata Sleek 350ml","1","6.29","6.29","https://www.paodeacucar.com/produto/1606865/cerveja-heineken-lata-sleek-350ml"
"82ebad228d5213e85e71d6ca796fdac8","2026-06-06","2026-06-06 10:44:15.626","PaoDeAcucar","whisky","Johnnie Walker","Whisky Johnnie Walker Red Label 1L","Whisky Escocês Blended Red Label Johnnie Walker Garrafa 1l","1","89.99","89.99","https://www.paodeacucar.com/produto/16238/whisky-escoces-blended-red-label-johnnie-walker-garrafa-1l"
"9cf8f72c7adf99c3d567fc88e9600f5c","2026-06-06","2026-06-06 10:44:27.533","PaoDeAcucar","energetico","Red Bull","Energetico Red Bull Energy Drink Lata 250ml","Energético Red Bull Energy Drink 250ml - 4 Latas","4","29.96","7.49","https://www.paodeacucar.com/produto/150964/energetico-red-bull-energy-drink-250ml---4-latas"
"b19435fa2289fb82719e00231a2a4072","2026-06-24","2026-06-24 23:05:00.123","PaoDeAcucar","cerveja","Heineken","Cerveja Heineken Lata 350ml","Cerveja Heineken Lata Sleek 350ml","1","5.39","5.39","https://www.paodeacucar.com/produto/1606865/cerveja-heineken-lata-sleek-350ml"
"e49cb27d5a0b9b75329e6c35c6fdfac8","2026-06-24","2026-06-24 23:05:21.084","PaoDeAcucar","whisky","Johnnie Walker","Whisky Johnnie Walker Red Label 1L","Whisky Escocês Blended Red Label Johnnie Walker Garrafa 1l","1","89.99","89.99","https://www.paodeacucar.com/produto/16238/whisky-escoces-blended-red-label-johnnie-walker-garrafa-1l"
"f4b3506d42d40c18530717ed82a3d7db","2026-06-24","2026-06-24 23:05:32.545","PaoDeAcucar","energetico","Red Bull","Energetico Red Bull Energy Drink Lata 250ml","Energético Red Bull Energy Drink 250ml - 24 Latas","24","263.76","10.99","https://www.paodeacucar.com/produto/468337/energetico-red-bull-energy-drink-250ml---24-latas"
"9aa17b5ca8e5b9868194af98005ed91a","2026-06-24","2026-06-24 23:05:08.828","PaoDeAcucar","cerveja","Spaten","Cerveja Spaten Lata 350ml","Cerveja Munich Helles Puro Malte Spaten Lata 350ml","1","3.79","3.79","https://www.paodeacucar.com/produto/583963/cerveja-munich-helles-puro-malte-spaten-lata-350ml"
"3ca33be81107f022a5237bd172f7d1c2","2026-06-24","2026-06-24 23:07:05.288","TendaAtacado","refrigerante","Coca-Cola","Refrigerante Coca-Cola Pet 2L","Refrigerante Original Menos Açúcar Coca-Cola Garrafa 2l","1","9.99","9.99","https://www.tendaatacado.com.br/produto/refrigerante-coca-cola-original-garrafa-2l"
"d2d6d3465b745221e3c36e5c2429e65b","2026-06-24","2026-06-24 23:06:09.209","TendaAtacado","cerveja","Heineken","Cerveja Heineken Lata 350ml","Cerveja Heineken Lata Sleek 350ml","1","4.89","4.89","https://www.tendaatacado.com.br/produto/cerveja-heineken-lata-350ml"
"a7be92d9ee2fc46205b1f730d99c5fc3","2026-06-24","2026-06-24 23:06:36.371","TendaAtacado","whisky","Johnnie Walker","Whisky Johnnie Walker Red Label 1L","Whisky Escocês Red Label Johnnie Walker 1L","1","104.9","104.9","https://www.tendaatacado.com.br/produto/whisky-escoces-red-label-johnnie-walker-1l-417"
"c4c958b5791819a5b5f58fe29c69d04b","2026-06-24","2026-06-24 23:06:51.132","TendaAtacado","energetico","Red Bull","Energetico Red Bull Energy Drink Lata 250ml","Energético Red Bull Energy Drink 250ml","1","7.49","7.49","https://www.tendaatacado.com.br/produto/energetico-red-bull-250ml-1020"
"5c92601fca595f378053e2ccdbbcd3e2","2026-06-24","2026-06-24 23:06:22.833","TendaAtacado","cerveja","Spaten","Cerveja Spaten Lata 350ml","Cerveja Puro Malte Munich Helles Spaten Lata 350ml","1","4.89","4.89","https://www.tendaatacado.com.br/produto/cerveja-puro-malte-munich-helles-spaten-lata-350ml"
"c4b7c71bae2e51d828e777b6dac01cab","2026-06-24","2026-06-24 23:08:16.205","ZeDelivery","cerveja","Heineken","Heineken 350ml","Heineken 350ml","1","6.49","6.49","Extraido via Menu de Busca"
"6a99f815336091d545333144ebe7d901","2026-06-24","2026-06-24 23:08:36.632","ZeDelivery","whisky","Johnnie Walker","Johnnie Walker Red Label 1L","Whisky Johnnie Walker Red Label 1L","1","110.19","110.19","Extraido via Menu de Busca"
"00f26071ddf28816bfb6932a9db86c9c","2026-06-24","2026-06-24 23:08:47.831","ZeDelivery","energetico","Red Bull","Red Bull Energy Drink 250ml","Energético Red Bull Energy Drink 250ml","1","10.99","10.99","Extraido via Menu de Busca"
"449cb990fb7f60aba3d3ea6c14e5ae43","2026-06-24","2026-06-24 23:08:25.370","ZeDelivery","cerveja","Spaten","Spaten 350ml","Spaten 350ml","1","4.89","4.89","Extraido via Menu de Busca"
"8ad5d28bfc269565258e67647b472bdb","2026-06-07","2026-06-07 20:17:08.099","PaoDeAcucar","energetico","Red Bull","Energetico Red Bull Energy Drink Lata 250ml","Energético Red Bull Energy Drink 250ml - 4 Latas","4","29.96","7.49","https://www.paodeacucar.com/produto/150964/energetico-red-bull-energy-drink-250ml---4-latas"
"2d2858348c2b55a6d6782a32d5f5ba75","2026-06-07","2026-06-07 20:16:45.374","PaoDeAcucar","cerveja","Spaten","Cerveja Spaten Lata 350ml","Cerveja Spaten Puro Malte Lata 350ml - 2 Unidades","2","7.78","3.89","https://www.paodeacucar.com/produto/1447228/cerveja-spaten-puro-malte-lata-350ml---2-unidades"
"3ddc05a6c8c388d6e64ececda3119069","2026-06-07","2026-06-07 20:18:37.325","TendaAtacado","refrigerante","Coca-Cola","Refrigerante Coca-Cola Pet 2L","Refrigerante Coca-Cola Original Garrafa 2l","1","9.69","9.69","https://www.tendaatacado.com.br/produto/refrigerante-coca-cola-original-garrafa-2l"
"737fe222f3db883c6737c8e24ba2e6b0","2026-06-07","2026-06-07 20:17:41.306","TendaAtacado","cerveja","Heineken","Cerveja Heineken Lata 350ml","Cerveja Heineken Lata Sleek 350ml","1","5.49","5.49","https://www.tendaatacado.com.br/produto/cerveja-heineken-lata-350ml"
"f310ab2a10aae9815feeee19a1c0fa58","2026-06-07","2026-06-07 20:18:08.450","TendaAtacado","whisky","Johnnie Walker","Whisky Johnnie Walker Red Label 1L","Whisky Escocês Red Label Johnnie Walker 1L","1","89.9","89.9","https://www.tendaatacado.com.br/produto/whisky-escoces-red-label-johnnie-walker-1l-417"
"80178bf71115fc8f8ddcfb8e64bf59b1","2026-06-07","2026-06-07 20:18:23.311","TendaAtacado","energetico","Red Bull","Energetico Red Bull Energy Drink Lata 250ml","Energético Red Bull Energy Drink 250ml","1","7.49","7.49","https://www.tendaatacado.com.br/produto/energetico-red-bull-250ml-1020"
"b7f823a271bb07bfb5d282b7adc5cbba","2026-06-07","2026-06-07 20:17:54.880","TendaAtacado","cerveja","Spaten","Cerveja Spaten Lata 350ml","Cerveja Puro Malte Munich Helles Spaten Lata 350ml","1","3.99","3.99","https://www.tendaatacado.com.br/produto/cerveja-puro-malte-munich-helles-spaten-lata-350ml"
"79c72e4cc02b0879f7f1b3584a67802d","2026-06-07","2026-06-07 20:19:41.565","ZeDelivery","cerveja","Heineken","Heineken 350ml","Heineken 350ml","1","6.49","6.49","Extraido via Menu de Busca"
"6081cf39b22792233fd6be2c7a6bc45e","2026-06-07","2026-06-07 20:20:01.595","ZeDelivery","whisky","Johnnie Walker","Johnnie Walker Red Label 1L","Whisky Johnnie Walker Red Label 1L","1","110.19","110.19","Extraido via Menu de Busca"
"55119dbb009dfd7b01ad850a2379b809","2026-06-07","2026-06-07 20:20:12.671","ZeDelivery","energetico","Red Bull","Red Bull Energy Drink 250ml","Energético Red Bull Energy Drink 250ml","1","10.99","10.99","Extraido via Menu de Busca"
"a16c134c4b4b18d0ff78e462f477d8ab","2026-06-07","2026-06-07 20:19:50.480","ZeDelivery","cerveja","Spaten","Spaten 350ml","Spaten 350ml","1","4.79","4.79","Extraido via Menu de Busca"
"5931d431bfb362455d559e780649622b","2026-06-06","2026-06-06 10:44:04.389","PaoDeAcucar","cerveja","Spaten","Cerveja Spaten Lata 350ml","Cerveja Spaten Puro Malte Lata 350ml - 2 Unidades","2","7.78","3.89","https://www.paodeacucar.com/produto/1447228/cerveja-spaten-puro-malte-lata-350ml---2-unidades"
"f1ea4d8a27b4ffe7c901a895fb7dc39f","2026-06-06","2026-06-06 10:45:55.375","TendaAtacado","refrigerante","Coca-Cola","Refrigerante Coca-Cola Pet 2L","Refrigerante Coca-Cola Original Garrafa 2l","1","9.69","9.69","https://www.tendaatacado.com.br/produto/refrigerante-coca-cola-original-garrafa-2l"
"f7506cf09aa178d9c5a1e9b229d7060f","2026-06-06","2026-06-06 10:45:00.724","TendaAtacado","cerveja","Heineken","Cerveja Heineken Lata 350ml","Cerveja Heineken Lata Sleek 350ml","1","5.49","5.49","https://www.tendaatacado.com.br/produto/cerveja-heineken-lata-350ml"
"02c2d87203d70e2e783c99f16aac0627","2026-06-06","2026-06-06 10:45:26.816","TendaAtacado","whisky","Johnnie Walker","Whisky Johnnie Walker Red Label 1L","Whisky Escocês Red Label Johnnie Walker 1L","1","89.9","89.9","https://www.tendaatacado.com.br/produto/whisky-escoces-red-label-johnnie-walker-1l-417"
"57c11d8e93d2075dd73192aa653e8fb0","2026-06-06","2026-06-06 10:45:42.125","TendaAtacado","energetico","Red Bull","Energetico Red Bull Energy Drink Lata 250ml","Energético Red Bull Energy Drink 250ml","1","7.49","7.49","https://www.tendaatacado.com.br/produto/energetico-red-bull-250ml-1020"
"b366cbe6fd2013f6e1f5b32522505d8f","2026-06-06","2026-06-06 10:45:13.582","TendaAtacado","cerveja","Spaten","Cerveja Spaten Lata 350ml","Cerveja Puro Malte Munich Helles Spaten Lata 350ml","1","3.99","3.99","https://www.tendaatacado.com.br/produto/cerveja-puro-malte-munich-helles-spaten-lata-350ml"
"7e70f5f1dd92afc991d7dac4d0742b8f","2026-06-06","2026-06-06 10:46:59.213","ZeDelivery","cerveja","Heineken","Heineken 350ml","Heineken 350ml","1","6.49","6.49","Extraido via Menu de Busca"
"0494c05da0507a941cdde12307682e79","2026-06-06","2026-06-06 10:47:19.221","ZeDelivery","whisky","Johnnie Walker","Johnnie Walker Red Label 1L","Whisky Johnnie Walker Red Label 1L","1","110.19","110.19","Extraido via Menu de Busca"
"4d7663ee48d24dd9dc627db826b17d93","2026-06-06","2026-06-06 10:47:30.346","ZeDelivery","energetico","Red Bull","Red Bull Energy Drink 250ml","Energético Red Bull Energy Drink 250ml","1","10.99","10.99","Extraido via Menu de Busca"
"4861cba1c97a0eced5fb7e12c126e05f","2026-06-06","2026-06-06 10:47:08.115","ZeDelivery","cerveja","Spaten","Spaten 350ml","Spaten 350ml","1","4.79","4.79","Extraido via Menu de Busca"
"8e9d102f789b6f4bee8250794cee5694","2026-06-01","2026-06-01 13:35:52.534","Amazon","refrigerante","Coca-Cola","Refrigerante Coca-Cola Pet 2L","Coca-Cola Original 2L","1","11.99","11.99","https://www.amazon.com.br/Coca-Cola-Original-2l-Unidade/dp/B07SYGDBZD/ref=sr_1_3_br_f3_0g_amnow?dib=eyJ2IjoiMSJ9.ongjZ2RRtL-zzRpEodC58aJIylWLXEo14AfHJgJQ6hNbTvavgY3VHxex1En19ygunsME6ve9IbgyUXVau5H1N9IRNhPOhGneaAzRLrY7zlPK61e4TbUeq0H1wdLJ9idJMw2jktofH-XU3oQQkAoqa6aWNrWmwZJBG4XBTPh45WHpTncCThGTCRdatZEnH1vPToswSA-ZgA-HZBQIBOG8G0pvWUMqVnHibXN3mHMZTvsWTVXoORR3P0yLvh8yJrP95QNeDkIuqt5SI-Km1hGRZvLkHX374jWhGzuXaZQlqpY.NIMevUZzpw83uPAigDNFbgZwd2dJw0otYO4fhIkkJ6E&dib_tag=se&keywords=Refrigerante+Coca-Cola+2L&qid=1780331654&s=grocery&sr=1-3"
"d6ecb6d55dd8b298ef5c386055cb95ac","2026-06-01","2026-06-01 13:35:13.208","Amazon","cerveja","Heineken","Cerveja Heineken Lata 350ml","Heineken Cerveja Sleek Lata 350ml Pack 12 Unidades","12","57.48","4.79","https://www.amazon.com.br/Cerveja-Heineken-Pilsen-LATA-350/dp/B0CMXW6ZYB/ref=sr_1_4?dib=eyJ2IjoiMSJ9.YwlMALGyaB1eLiHvQ-WdbF9tlKhTTJYirW_Lwl1JExfHj3QyWl77MRXiu8i8BnoqRAtDJPeLKnGFVKCwPEi3GEpo7kYw37qZypEZI-QDJFi_-k1UazZK7AHJSVFDXfBnJGCH9UG5CBmHb3a-_7PkF3-p8ly-xpMFfesLjh3sn4mNtw-Q5cMSVT6OsPzo7xPfeYV_LDq2HvRHP8BGiqLL44ipKYIyvj3vdtyuKBPOpujdqnxfDECtbYStb6NOJ2n-nG-HkcDst-FTVt5BggQG-aZ6C1Ie7tGkxWY_2u2x1KQ.28c7DX9GIUvtBAXitjCZu6FHDbd_zbzWUu2QlGwOMbY&dib_tag=se&keywords=Cerveja+Heineken+350ml&qid=1780331617&s=grocery&sr=1-4"
"c1fb72f1f2a64e70daf50111c1ce2bb4","2026-06-01","2026-06-01 13:35:31.311","Amazon","whisky","Johnnie Walker","Whisky Johnnie Walker Red Label 1L","Whisky Johnnie Walker Double Black 1L","1","228.9","228.9","https://www.amazon.com.br/sspa/click?ie=UTF8&spc=MTo2ODYwMjE0NjI1MTkwNjI2OjE3ODAzMzE2MzY6c3BfYXRmOjMwMDg0MjI3NDc3MzMwMjo6MDo6&url=%2FWhisky-Johnnie-Walker-Double-Black%2Fdp%2FB008X6TB08%2Fref%3Dsr_1_3_sspa%3Fdib%3DeyJ2IjoiMSJ9.6_W5nvO8nbL1-obijYzgd7j5vXZ2glOsytspwwo1WJvQXAIxUpERCm21QJ9nLM5CzfQTsMY2Y3JcflYkE_5ssdZ0MQMt9gC8CbySg7U0G4WkiZnpjAtDXNJ0m8baOwJX6690hs1vfIOR7eXsK3oIPHJAEPW7t198zf--E8jkuUgizgRu-iU9gaPVMA3OPT4_3pxW4cdLHUHGbnCeqooFwHyv704iOeVQO3vOZkd61nLC-xpFRYKKIrbP9fGy9S7V4Ysa6__vY8r7mdAhvu7a-yvtU7hcBvbUxCzhyOvpzmo.LAibY1jXKvcGUzCq2G4feU6qldrk1NYJT7U7TIhodXU%26dib_tag%3Dse%26keywords%3DWhisky%2BJohnnie%2BWalker%2BRed%2BLabel%2B1L%26qid%3D1780331636%26s%3Dgrocery%26sr%3D1-3-spons%26ufe%3Dapp_do%253Aamzn1.fos.fcd6d665-32ba-4479-9f21-b774e276a678%26sp_csd%3Dd2lkZ2V0TmFtZT1zcF9hdGY%26psc%3D1"
"2201ce83c586f8b260263dfd05f4b3a7","2026-06-01","2026-06-01 13:35:40.209","Amazon","energetico","Red Bull","Energetico Red Bull Energy Drink Lata 250ml","Red Bull Lata Energético, Energy Drink, 250ml","1","7.99","7.99","https://www.amazon.com.br/Red-Bull-Energy-Drink-250ml/dp/B00S8EGJV4/ref=sr_1_4?dib=eyJ2IjoiMSJ9.XGvdjCEaer82-rbdvTecq-mogjVHg87iThFBb2TmAAkXD-7d6Y6BEutA0_HYgS8JDzHzvEb8t7G5Aat3rUlF5Y69jGpnbZcbk4TBV8NFqc42Q9vwOCo2k7oxgOyY2FIL7RyQ1Prupw-FT5RM5udIqF40uyZXKjxR9R9WlvR9f-Ns-PqTgUbjsn56Z1Kh9bszNjv0TPY0OsFo55LaYmDvhEp9lfDUMRrjeAQhy3t-oJs-qCOkqCMn_j05uoERdsR23wV-2iYcLhxiPZzciqn2-fkGwDZb-p1GofROCEDpNDw.sCoQCP9Y21bnH25pDtbHUqn3gA8p_v4iDUhKgRT07WU&dib_tag=se&keywords=Energetico+Red+Bull+Energy+Drink+250ml&qid=1780331645&s=grocery&sr=1-4"
"f2f3bbd06e0279e87379a03746a6d0ec","2026-06-01","2026-06-01 13:35:22.272","Amazon","cerveja","Spaten","Cerveja Spaten Lata 350ml","Pack Cerveja Spaten, Puro Malte, 350ml, Lata - 12 Unidades","12","57.48","4.79","https://www.amazon.com.br/Pack-Cerveja-Spaten-Malte-350ml/dp/B0CN9NGTXK/ref=sr_1_4?dib=eyJ2IjoiMSJ9.2H54ArIn9F0DKsCKbNWMtJ6YKAD2_ym-xJ33f1gh1gfzLlLEpMpovIOFOzSD0EMhbWCwJsKLOzsoVG-fQu1yLLjk1sm7-7D96GavWGrJZF5xjvu34OYtuhgaOxjKI1ASVKvNfs9WKmsIE_tUCdTKNWJFgeNIgeSySX5SpICh7hdFIfs6c4UH_NYRNzEdxDJ1rIylzKeFQVR5Bm0U79YEQmkxlcbmVSk5igrT5bowPO7j1NHcCQNL5UJ_wgvtcDMToN1M4_MUatJdD15tc6rlenZxMNwLeB8fPTavPfb_lwI.-xkzPKRWctGrlFakCz7EqMTrrREUW5C0yYmqoUYXkPw&dib_tag=se&keywords=Cerveja+Spaten+350ml&qid=1780331627&s=grocery&sr=1-4"
"0cdcff4b41836e0919293de0dfda1dfa","2026-06-01","2026-06-01 13:37:18.616","Atacadao","refrigerante","Coca-Cola","Refrigerante Coca-Cola Pet 2L","Refrigerante Coca-Cola 2L","1","12.19","12.19","Extraido via Menu Dropdown"
"41c6bbe15e9875a456089d324535f9f8","2026-06-01","2026-06-01 13:25:46.971","Atacadao","cerveja","Heineken","Cerveja Heineken Lata 350ml","Cerveja Heineken Sleek 350ml","1","5.39","5.39","Extraido via Menu Dropdown"
"6f9f65ce21cde31fca1be3cd5e9444ff","2026-06-01","2026-06-01 13:37:01.233","Atacadao","whisky","Johnnie Walker","Whisky Johnnie Walker Red Label 1L","Whisky Johnnie Walker Red Label 1L","1","109.9","109.9","Extraido via Menu Dropdown"
"6a53c8d8d20db80c1b2ab76d1e7b3a78","2026-06-01","2026-06-01 13:37:10.516","Atacadao","energetico","Red Bull","Energetico Red Bull Energy Drink Lata 250ml","Energético Red Bull Energy Drink 250ml","1","9.49","9.49","Extraido via Menu Dropdown"
"df076e91737f0521c8c23c22343752db","2026-06-01","2026-06-01 13:36:52.269","Atacadao","cerveja","Spaten","Cerveja Spaten Lata 350ml","Cerveja Spaten Puro Malte 350ml","1","4.69","4.69","Extraido via Menu Dropdown"
"2a4bfef30a7a9c40b30af4265c6eb199","2026-06-01","2026-06-01 13:38:17.223","MercadoLivre","refrigerante","Coca-Cola","Refrigerante Coca-Cola Pet 2L","Refrigerante Coca-Cola Original Garrafa 2l","1","12.0","12.0","https://www.mercadolivre.com.br/refrigerante-coca-cola-original-garrafa-2l/p/MLB18306190?pdp_filters=deal%3AMLB1020501-1#polycard_client=search-desktop&be_origin=backend&search_layout=grid&position=1&type=product&tracking_id=46ac4b45-4e8f-42e8-9d0c-ea9a6965aa25&wid=MLB5364349910&sid=search"
"adc73437aa9682f2ece32a13e5abb9c3","2026-06-01","2026-06-01 13:37:55.360","MercadoLivre","cerveja","Heineken","Cerveja Heineken Lata 350ml","Cerveja 0.0% De Álcool Pacote 12 Latas 350ml Heineken","12","83.0","6.92","https://www.mercadolivre.com.br/cerveja-00-de-alcool-pacote-12-latas-350ml-heineken/p/MLB28256811?pdp_filters=deal%3AMLB1020501-1#polycard_client=search-desktop&be_origin=backend&search_layout=grid&position=1&type=product&tracking_id=a554746e-5838-46fe-a9cf-a38e594e1f86&wid=MLB5471679380&sid=search"
"7e343c14fb69dd3117cba198a16d1fb7","2026-06-01","2026-06-01 13:38:06.646","MercadoLivre","whisky","Johnnie Walker","Whisky Johnnie Walker Red Label 1L","Whisky Johnnie Walker Red Label 1000ml","1","127.0","127.0","https://www.mercadolivre.com.br/whisky-johnnie-walker-red-label-1000ml/up/MLBU1714797698?pdp_filters=deal%3AMLB1020501-1#polycard_client=search-desktop&be_origin=backend&search_layout=grid&position=2&type=product&tracking_id=2f147325-8ba8-470b-8a1b-8c40fdd9d96a&wid=MLB1557222331&sid=search"
"c7477d37777af09db283a3342770a76a","2026-06-01","2026-06-01 13:38:11.524","MercadoLivre","energetico","Red Bull","Energetico Red Bull Energy Drink Lata 250ml","Red Bull Energético, Energy Drink, 250ml, 4 latas","4","41.0","10.25","https://www.mercadolivre.com.br/red-bull-energetico-energy-drink-250ml-4-latas/p/MLB18308564?pdp_filters=deal%3AMLB1020501-1#polycard_client=search-desktop&be_origin=backend&search_layout=grid&position=1&type=product&tracking_id=40418bcf-0142-47be-95be-f6d8fc6fe5bc&wid=MLB3149585957&sid=search"
"70b1412371b7cb2d228ce46bfa93ca0c","2026-06-01","2026-06-01 13:38:01.533","MercadoLivre","cerveja","Spaten","Cerveja Spaten Lata 350ml","Cerveja Spaten Puro Malte lata 350ml 12 u","1","69.0","69.0","https://www.mercadolivre.com.br/cerveja-spaten-puro-malte-lata-350ml-12-u/p/MLB19544777?pdp_filters=deal%3AMLB1020501-1#polycard_client=search-desktop&be_origin=backend&search_layout=grid&position=1&type=product&tracking_id=a9e888f4-dfea-4374-be01-d6d07e1c0abb&wid=MLB3779076004&sid=search"
"a6a9b021cd05f85b1000532ce006f2f4","2026-06-01","2026-06-01 13:38:37.746","PaoDeAcucar","cerveja","Heineken","Cerveja Heineken Lata 350ml","Cerveja Heineken Lata Sleek 350ml","1","4.79","4.79","https://www.paodeacucar.com/produto/1606865/cerveja-heineken-lata-sleek-350ml"
"5c770dae1d69a3094283e5c03ff08824","2026-06-01","2026-06-01 13:39:01.884","PaoDeAcucar","whisky","Johnnie Walker","Whisky Johnnie Walker Red Label 1L","Whisky Escocês Blended Red Label Johnnie Walker Garrafa 1l","1","89.99","89.99","https://www.paodeacucar.com/produto/16238/whisky-escoces-blended-red-label-johnnie-walker-garrafa-1l"
"e042c966ce7744901125fb1dff15ee15","2026-06-01","2026-06-01 13:39:16.987","PaoDeAcucar","energetico","Red Bull","Energetico Red Bull Energy Drink Lata 250ml","Energético Red Bull Energy Drink 250ml - 4 Latas","4","43.99","11.0","https://www.paodeacucar.com/produto/150964/energetico-red-bull-energy-drink-250ml---4-latas"
"dfac0fd01246584efa24e023ad572c31","2026-06-01","2026-06-01 13:38:50.356","PaoDeAcucar","cerveja","Spaten","Cerveja Spaten Lata 350ml","Cerveja Spaten Puro Malte Lata 350ml - 2 Unidades","2","7.98","3.99","https://www.paodeacucar.com/produto/1447228/cerveja-spaten-puro-malte-lata-350ml---2-unidades"
"209db02f7b46a43c869b2dfdcb6e181d","2026-06-01","2026-06-01 13:40:47.123","TendaAtacado","refrigerante","Coca-Cola","Refrigerante Coca-Cola Pet 2L","Refrigerante Coca-Cola Original Garrafa 2l","1","12.29","12.29","https://www.tendaatacado.com.br/produto/refrigerante-coca-cola-original-garrafa-2l"
"567333cda8732671b7c81801d8d751ce","2026-06-01","2026-06-01 13:39:50.437","TendaAtacado","cerveja","Heineken","Cerveja Heineken Lata 350ml","Cerveja Heineken Lata Sleek 350ml","1","5.99","5.99","https://www.tendaatacado.com.br/produto/cerveja-heineken-lata-350ml"
"f619ff93a4ab8b171cfa98b72348e0f0","2026-06-01","2026-06-01 13:40:17.771","TendaAtacado","whisky","Johnnie Walker","Whisky Johnnie Walker Red Label 1L","Whisky Escocês Red Label Johnnie Walker 1L","1","104.9","104.9","https://www.tendaatacado.com.br/produto/whisky-escoces-red-label-johnnie-walker-1l-417"
"d8aad43da8548e71b8d74314862d7487","2026-06-01","2026-06-01 13:29:28.007","TendaAtacado","energetico","Red Bull","Energetico Red Bull Energy Drink Lata 250ml","Energético Red Bull Energy Drink Melancia Edition 250 ml","1","9.99","9.99","https://www.tendaatacado.com.br/produto/energetico-red-bull-summer-melancia-250ml"
"4dcf10ec16c6b60afb6dfdbf3e602036","2026-06-01","2026-06-01 13:40:03.795","TendaAtacado","cerveja","Spaten","Cerveja Spaten Lata 350ml","Cerveja Puro Malte Munich Helles Spaten Lata 350ml","1","3.99","3.99","https://www.tendaatacado.com.br/produto/cerveja-puro-malte-munich-helles-spaten-lata-350ml"
"33e81782a29c6a6aa1fc39d18004a176","2026-06-01","2026-06-01 13:30:47.956","ZeDelivery","cerveja","Heineken","Heineken 350ml","Heineken 350ml","1","6.49","6.49","Extraido via Menu de Busca"
"26cf64ab17cd227f161c594fcdf07193","2026-06-01","2026-06-01 13:31:08.018","ZeDelivery","whisky","Johnnie Walker","Johnnie Walker Red Label 1L","Whisky Johnnie Walker Red Label 1L","1","110.19","110.19","Extraido via Menu de Busca"
"5ff19da1979fd14deb0c02bae597899e","2026-06-01","2026-06-01 13:31:19.130","ZeDelivery","energetico","Red Bull","Red Bull Energy Drink 250ml","Energético Red Bull Energy Drink 250ml","1","10.99","10.99","Extraido via Menu de Busca"
"83c7fd512228cd624b0fec8bb155e109","2026-06-01","2026-06-01 13:30:56.904","ZeDelivery","cerveja","Spaten","Spaten 350ml","Spaten 350ml","1","4.79","4.79","Extraido via Menu de Busca"
"07a87125628b1890f53fcf607f18ee5d","2026-06-18","2026-06-18 18:54:36.822","Amazon","cerveja","Heineken","Cerveja Heineken Lata 350ml","Heineken Cerveja Sleek Lata 350ml Pack 12 Unidades","12","57.99","4.83","https://www.amazon.com.br/Cerveja-Heineken-Pilsen-LATA-350/dp/B0CMXW6ZYB/ref=sr_1_1?dib=eyJ2IjoiMSJ9.hcROUGCvo7HsBCBiqH5AD5BCbrgRyoLJrK-1l46UJbtOHyh65_VdjXvy75mPxts8BjEX2X23mzjnsUtD0-jA5qWkmzfxC2m0qJYKxBJKCwaVAmKXOEyfaRtmQenVw9lTqvqSWK0PzEOAC_U_4hGRx6Hr2Wovln6krGDtQgdoRFQ3m8lloxG5cHP8juuoSdQ9PirAeHV6W4q8qmoJVBr7YZO06WEGy88Mt2fPJdhCizhQlZG_90cfuqV_8VLbGdHr-J7ylLRIuXtzDEhEsjss7wS7WyY0C5H_tZcgT_xHIVg.G5J4RO-HTz1lGOmgN5vjyLHEGvBNnu3NrUo19k5JJPA&dib_tag=se&keywords=Cerveja+Heineken+350ml&qid=1781808869&s=grocery&sr=1-1"
"5b1bddcf75dda10110b95e696213a6e9","2026-06-18","2026-06-18 18:54:52.116","Amazon","whisky","Johnnie Walker","Whisky Johnnie Walker Red Label 1L","Whisky Johnnie Walker Red Label 1L","1","87.59","87.59","https://www.amazon.com.br/Whisky-Johnnie-Walker-Label-Blended/dp/B004Q47N5G/ref=sr_1_1?dib=eyJ2IjoiMSJ9.6_W5nvO8nbL1-obijYzgd2U4byat3go5rwv2K0UFt0ZFIjj0qJ7ot2fdD-RImGKKLVAAZfD4Sz-VNwJqBDAKLinBevnINSMMTcC36m4YZ1aBJhK-crNSN3PSnuneiNWr2jlDZ1gnhsA0P8xTiEjNI9xYgGo-yHlhc80PPpvJzwGQw7dSZ-3VwyNVszOTb7cvxb_Ti7SwMzMMMEQM1FyxC_HLcDF2j7Eg79b9Tw-S1xK-GNDBlrg9xOtP9M4kWm8sUEaT_Hi2ZpLdGJbadbal866OdyEEDlAcLRFTdJNAn6o.CB2P3XAOmMfRNl_tnhTc7L5KrQLLiIsMlY35DSNJseA&dib_tag=se&keywords=Whisky+Johnnie+Walker+Red+Label+1L&qid=1781808884&s=grocery&sr=1-1"
"b6995ddfa78de68598864a29a2a8c2b6","2026-06-18","2026-06-18 18:54:59.675","Amazon","energetico","Red Bull","Energetico Red Bull Energy Drink Lata 250ml","Red Bull Energético, Energy Drink, 250ml, 4 latas","4","29.96","7.49","https://www.amazon.com.br/Energ%C3%A9tico-Energy-Drink-250ml-latas/dp/B004HOEU4M/ref=sr_1_1?dib=eyJ2IjoiMSJ9.JvY5LmZFXrijIu9gzwUf2ctHQeZ3EZ13FLtIhS9uRxT6FcXy3co11-oQme8vyVx8_JzvZhbp6KT0LEA0CkzthnmxFyPlmRMx58Qo9vbAqgW9jK5RY-s8qrueqbf9JDmvF4Mq_9fT1syTLn4IIaR4rPhdG5gwSXNNF7zpY7ONXLt_RfaaSDcyowrNQYqWdEVyIjS9eR2pQggIB6DSvfoEOzGJEkLt58PbK9iqMr3SsDCOCmoZdPfXjgdqRjmbB5XHeq3BO3N1Auc0eGvs-pdPLbytmMdCp7d7gt_Gh5epj2k.G-ShVAiR-MMDAG0mRUC_25CZPHlboyfMw2zM6YkgI7g&dib_tag=se&keywords=Energetico+Red+Bull+Energy+Drink+250ml&qid=1781808892&s=grocery&sr=1-1"
"bd6313f5830b8a508b1c707274ecf1ad","2026-06-18","2026-06-18 18:54:44.715","Amazon","cerveja","Spaten","Cerveja Spaten Lata 350ml","Pack Cerveja Spaten, Puro Malte, 350ml, Lata - 12 Unidades","12","57.48","4.79","https://www.amazon.com.br/Pack-Cerveja-Spaten-Malte-350ml/dp/B0CN9NGTXK/ref=sr_1_4?dib=eyJ2IjoiMSJ9.-Z97cpXDU-mfJf-AjnQVth1iWGiaYrLGiVfSPhwSvgT2trbh4i3kflT9OLARqI3lnUMOFwK1uiqlGmwTg7xJoUUBOLQ_yiCUrQb4FJI75MX6cL6P_RQy8t_fdWwijGZQ1OSzmakVxcazh5a2nqTFvqBuWNR5Zo4AAJ_DlOYG5hviuBV2aJE2ifTny1mQvz8TSPtPMR4OBljaj4yBBRFuuL0w1jmZ8EDA_8ed9WNSdq8TcCOzBa1mpr3ONeDEAmQ0vuJri9QiSF2JXKyFLQFPBtDGylXGTAhvVnMBc5mGqf0.f4BKlMos87Ma1at0S4FJDxqFJ2YxYw19gYoBo1_kx04&dib_tag=se&keywords=Cerveja+Spaten+350ml&qid=1781808876&s=grocery&sr=1-4"
"91b76236d7beb9ebf1d776f10933bd33","2026-06-18","2026-06-18 18:56:17.904","Atacadao","refrigerante","Coca-Cola","Refrigerante Coca-Cola Pet 2L","Refrigerante Coca-Cola 2L","1","10.49","10.49","Extraido via Menu Dropdown"
"e6ab8e106362093db6cdfc229a19fe78","2026-06-18","2026-06-18 18:56:02.806","Atacadao","whisky","Johnnie Walker","Whisky Johnnie Walker Red Label 1L","Whisky Johnnie Walker Red Label 1L","1","104.0","104.0","Extraido via Menu Dropdown"
"b1c4859f7aa4798323ff0a53e22da0cd","2026-06-18","2026-06-18 18:56:10.764","Atacadao","energetico","Red Bull","Energetico Red Bull Energy Drink Lata 250ml","Energético Red Bull Energy Drink 250ml","1","9.49","9.49","Extraido via Menu Dropdown"
"6df824eea860bcb03fb50bd2271e55f3","2026-06-18","2026-06-18 18:55:55.076","Atacadao","cerveja","Spaten","Cerveja Spaten Lata 350ml","Cerveja Spaten Puro Malte 350ml","1","3.99","3.99","Extraido via Menu Dropdown"
"4aa0b700562b152d8d8e7e8497348e7b","2026-06-18","2026-06-18 18:57:37.574","PaoDeAcucar","cerveja","Heineken","Cerveja Heineken Lata 350ml","Cerveja Heineken Lata Sleek 350ml","1","5.29","5.29","https://www.paodeacucar.com/produto/1606865/cerveja-heineken-lata-sleek-350ml"
"b04534bd63fd7e9462dbf6e995c49f49","2026-06-18","2026-06-18 18:58:02.001","PaoDeAcucar","whisky","Johnnie Walker","Whisky Johnnie Walker Red Label 1L","Whisky Escocês Blended Red Label Johnnie Walker Garrafa 1l","1","87.59","87.59","https://www.paodeacucar.com/produto/16238/whisky-escoces-blended-red-label-johnnie-walker-garrafa-1l"
"e9cb3cb5b7883917d86bdee9fc5bfa4f","2026-06-18","2026-06-18 18:58:12.392","PaoDeAcucar","energetico","Red Bull","Energetico Red Bull Energy Drink Lata 250ml","Energético Red Bull Energy Drink 250ml - 24 Latas","24","263.76","10.99","https://www.paodeacucar.com/produto/468337/energetico-red-bull-energy-drink-250ml---24-latas"
"3ad80a6264d22d233844b1e7a9c4f81a","2026-06-18","2026-06-18 18:57:50.884","PaoDeAcucar","cerveja","Spaten","Cerveja Spaten Lata 350ml","Cerveja Munich Helles Puro Malte Spaten Lata 350ml","1","4.19","4.19","https://www.paodeacucar.com/produto/583963/cerveja-munich-helles-puro-malte-spaten-lata-350ml"
"609bbdca6320760644df7decca3d9421","2026-06-18","2026-06-18 18:59:31.388","TendaAtacado","refrigerante","Coca-Cola","Refrigerante Coca-Cola Pet 2L","Refrigerante Coca-Cola Original Garrafa 2l","1","12.29","12.29","https://www.tendaatacado.com.br/produto/refrigerante-coca-cola-original-garrafa-2l"
"a65ba1a8dcbf734f45413049adbd2719","2026-06-18","2026-06-18 18:58:41.630","TendaAtacado","cerveja","Heineken","Cerveja Heineken Lata 350ml","Cerveja Heineken Lata Sleek 350ml","1","5.49","5.49","https://www.tendaatacado.com.br/produto/cerveja-heineken-lata-350ml"
"323e1659762ae704c3c047a05562f12d","2026-06-18","2026-06-18 18:59:06.223","TendaAtacado","whisky","Johnnie Walker","Whisky Johnnie Walker Red Label 1L","Whisky Escocês Red Label Johnnie Walker 1L","1","104.9","104.9","https://www.tendaatacado.com.br/produto/whisky-escoces-red-label-johnnie-walker-1l-417"
"2ea582110bb3880475fc2ff32ed96ffd","2026-06-05","2026-06-05 17:36:26.049","Amazon","refrigerante","Coca-Cola","Refrigerante Coca-Cola Pet 2L","Coca-Cola Original 2L","1","17.98","17.98","https://www.amazon.com.br/Coca-Cola-Original-2l-Unidade/dp/B07SYGDBZD/ref=sr_1_3_br_f3_0g_amnow?dib=eyJ2IjoiMSJ9.ongjZ2RRtL-zzRpEodC58T6XYPVp1np5AbK1b-5PP1VLZ4N4R99geQTJ9GIjWG7Gw70R8I2RVwiiUL2nqtbVoZ2w_PkoNe9BKj11xuzmWL4G-JsUozoF8seg9986y1KR8rHucWl97UgM673-1BKaYjVsJiEiIZtOum0jDgxattCqPbObk9c7P4o9RLNVMy7FA4ucxt3yW-BwfSQqmC1Xneu7ADnzfIk7RdpwBA31O6NuejCu9t0-9BSHkvZ-PFd8yWZmDj7OzwcSI9r0zrOiYg8CQZ50Lb9XEr3ys8kElGI.3Wg9UolPdPKdpElEIrwMC-6_X5ZGC1EXO3k1y7v4jKQ&dib_tag=se&keywords=Refrigerante+Coca-Cola+2L&qid=1780691683&s=grocery&sr=1-3"
"773b88cb2551ec11723823fe3b50fa2f","2026-06-18","2026-06-18 18:59:19.032","TendaAtacado","energetico","Red Bull","Energetico Red Bull Energy Drink Lata 250ml","Energético Red Bull Energy Drink 250ml","1","7.49","7.49","https://www.tendaatacado.com.br/produto/energetico-red-bull-250ml-1020"
"46b234d01214d16a48b9092af6fac7da","2026-06-18","2026-06-18 18:58:53.910","TendaAtacado","cerveja","Spaten","Cerveja Spaten Lata 350ml","Cerveja Puro Malte Munich Helles Spaten Lata 350ml","1","3.99","3.99","https://www.tendaatacado.com.br/produto/cerveja-puro-malte-munich-helles-spaten-lata-350ml"
"d9c09121f6feddcc299ac1f833eb0351","2026-06-18","2026-06-18 19:00:28.787","ZeDelivery","cerveja","Heineken","Heineken 350ml","Heineken 350ml","1","6.49","6.49","Extraido via Menu de Busca"
"63e515016f2fb8f852cbc53e38a7409a","2026-06-18","2026-06-18 19:00:47.457","ZeDelivery","whisky","Johnnie Walker","Johnnie Walker Red Label 1L","Whisky Johnnie Walker Red Label 1L","1","110.19","110.19","Extraido via Menu de Busca"
"9e2ee168e3aaaec5627084aeca7eee92","2026-06-18","2026-06-18 19:00:57.637","ZeDelivery","energetico","Red Bull","Red Bull Energy Drink 250ml","Energético Red Bull Energy Drink 250ml","1","10.99","10.99","Extraido via Menu de Busca"
"98075ff0eb95e1895f06cca90f5103a4","2026-06-18","2026-06-18 19:00:37.224","ZeDelivery","cerveja","Spaten","Spaten 350ml","Spaten 350ml","1","4.89","4.89","Extraido via Menu de Busca"
"c77cccd2de7d187659c83b247035484f","2026-06-05","2026-06-05 17:35:25.276","Amazon","cerveja","Heineken","Cerveja Heineken Lata 350ml","Heineken Cerveja Sleek Lata 350ml Pack 12 Unidades","12","57.48","4.79","https://www.amazon.com.br/Cerveja-Heineken-Pilsen-LATA-350/dp/B0CMXW6ZYB/ref=sr_1_4?dib=eyJ2IjoiMSJ9.YwlMALGyaB1eLiHvQ-WdbBIIMV7c8H50B7mwq8QJY1YpSeMoPTlwIJMm0eu4v-8_gF-NrGvVBEu1iMSuNAeLDqCJzdU4wyOblPWxmpDu_gbStChtWcjTJdT8Z41XHgrMBlgHFzqfcQLbMjzIHOY407or51r15Td2gcDEGrhPyS38jPvrV7JY3t7Z699ry9uUBypFRUWlmDrzKy8UVzCQunUYYK0gbapKC2LM_UcAfVihkUU8etJAO7z0t5deHO5Pf5Jvi97vRP2yaN-0Vy3nwsUY2ZXJlDBPdgcqha0-SI8.BTCtqb1SSpDNRZ36cbRGZ5Z7VdYXx6X1JG4JyTxW51Q&dib_tag=se&keywords=Cerveja+Heineken+350ml&qid=1780691624&s=grocery&sr=1-4"
"308dcc5eef815fc683855d315c8807fa","2026-06-05","2026-06-05 17:36:03.650","Amazon","whisky","Johnnie Walker","Whisky Johnnie Walker Red Label 1L","Whisky Johnnie Walker Red Label 1L","1","88.87","88.87","https://www.amazon.com.br/Whisky-Johnnie-Walker-Label-Blended/dp/B004Q47N5G/ref=sr_1_4?dib=eyJ2IjoiMSJ9.6_W5nvO8nbL1-obijYzgd2U4byat3go5rwv2K0UFt0bd7Zsh7G83k7ka-TP8cm2TOdFTejeXbYRKVucSyK0NYu_JYObGueSUoE79zCNQtQwZaORAMBxkqWHoLYOn2NzX5yY-ARvVBB2S0ANmdvt2FNWIyPkcqXfRONESIQXtgYY6NWX5IQOM892jxd4YnBOkePwKHVkQuMXbto2Dye38treVAH6amlSoyyC4lr0osA8xFK3pcVvf2K89eGjb_RPi20FCyMvNw4xpX2pCG1sV7CvtU7hcBvbUxCzhyOvpzmo.RMCAs7tQTO6apiNXmsJEwYqQg7A_rcjgIWQxC_qYTaE&dib_tag=se&keywords=Whisky+Johnnie+Walker+Red+Label+1L&qid=1780691643&s=grocery&sr=1-4"
"61ef37ac0b69145b84d799916e1a7d43","2026-06-05","2026-06-05 17:36:14.345","Amazon","energetico","Red Bull","Energetico Red Bull Energy Drink Lata 250ml","Red Bull Energético, Energy Drink, 250ml, 4 latas","4","29.96","7.49","https://www.amazon.com.br/Energ%C3%A9tico-Energy-Drink-250ml-latas/dp/B004HOEU4M/ref=sr_1_1?dib=eyJ2IjoiMSJ9.JvY5LmZFXrijIu9gzwUf2ctHQeZ3EZ13FLtIhS9uRxQpeqd40HTQC5njRQJ_jfZNC9PQWrk_ZWnAdMc6gk9J0HMQ2A2farGBXw8_XsLzTrsTgrJ4uwWA9KHN4XRjZYZC7RyQ1Prupw-FT5RM5udIqEJZTUMf2kpwnfwSq2jm7XzFq4zbw-u5mfG0fGGI9O0Parw6CII2SCsVEAjk3-Ej8rqimovFGxGM3eRQUc2MxV4KtXHN5ZV976IT1Kp905mffAOOdCUeITUMn5vNcJ5z_yI_QotL8xWhpB8HrOgTDUk.mSkBXvQlVg6AdE20VlVbSJdHYhRtMxM4dgwgJQbzrPA&dib_tag=se&keywords=Energetico+Red+Bull+Energy+Drink+250ml&qid=1780691672&s=grocery&sr=1-1"
"8a825dbeea1fc2ae5913580c603f1ae4","2026-06-05","2026-06-05 17:37:44.477","Atacadao","refrigerante","Coca-Cola","Refrigerante Coca-Cola Pet 2L","Refrigerante Coca-Cola 2L","1","10.99","10.99","Extraido via Menu Dropdown"
"6d269e4838db08d5997d0aaab7ebedc7","2026-06-05","2026-06-05 17:37:27.205","Atacadao","whisky","Johnnie Walker","Whisky Johnnie Walker Red Label 1L","Whisky Johnnie Walker Red Label 1L","1","109.91","109.91","Extraido via Menu Dropdown"
"95fd319ecd23f3858ec5923a309a7e59","2026-06-05","2026-06-05 17:37:36.443","Atacadao","energetico","Red Bull","Energetico Red Bull Energy Drink Lata 250ml","Energético Red Bull Energy Drink 250ml","1","7.49","7.49","Extraido via Menu Dropdown"
"2103b5b0d27f6dca5d5ba0f0b629f692","2026-06-05","2026-06-05 17:37:18.323","Atacadao","cerveja","Spaten","Cerveja Spaten Lata 350ml","Cerveja Spaten Puro Malte 350ml","1","3.89","3.89","Extraido via Menu Dropdown"
"de14f9974dd863989cf0ac6629983bd9","2026-06-05","2026-06-05 17:38:24.938","MercadoLivre","refrigerante","Coca-Cola","Refrigerante Coca-Cola Pet 2L","Refrigerante Coca-Cola Original Garrafa 2l","1","19.0","19.0","https://www.mercadolivre.com.br/refrigerante-coca-cola-original-garrafa-2l/p/MLB18306190?pdp_filters=deal%3AMLB1020501-1#polycard_client=search-desktop&be_origin=backend&search_layout=grid&position=2&type=product&tracking_id=3ffda8ab-7195-4113-bb18-5537609f3ba7&wid=MLB5336709716&sid=search"
"ef7d9fe8d5d60d3917013c3f633f7732","2026-06-05","2026-06-05 17:38:02.630","MercadoLivre","cerveja","Heineken","Cerveja Heineken Lata 350ml","Cerveja 0.0% De Álcool Pacote 12 Latas 350ml Heineken","12","83.0","6.92","https://www.mercadolivre.com.br/cerveja-00-de-alcool-pacote-12-latas-350ml-heineken/p/MLB28256811?pdp_filters=deal%3AMLB1020501-1#polycard_client=search-desktop&be_origin=backend&search_layout=grid&position=1&type=product&tracking_id=64eab617-6783-46b7-bd8f-57216b3fc36b&wid=MLB5471679380&sid=search"
"860f90738318847587044b85d040b581","2026-06-05","2026-06-05 17:38:14.408","MercadoLivre","whisky","Johnnie Walker","Whisky Johnnie Walker Red Label 1L","Whisky Johnnie Walker Red Label 1000ml","1","127.0","127.0","https://www.mercadolivre.com.br/whisky-johnnie-walker-red-label-1000ml/up/MLBU1714797698?pdp_filters=deal%3AMLB1020501-1#polycard_client=search-desktop&be_origin=backend&search_layout=grid&position=2&type=product&tracking_id=69f30942-a8a5-40bc-9190-cd29db2b7bd7&wid=MLB1557222331&sid=search"
"6b97e67f7b6322772a7f041fa04fba87","2026-06-05","2026-06-05 17:38:19.254","MercadoLivre","energetico","Red Bull","Energetico Red Bull Energy Drink Lata 250ml","Red Bull Energético, Energy Drink, 250ml, 4 latas","4","41.0","10.25","https://www.mercadolivre.com.br/red-bull-energetico-energy-drink-250ml-4-latas/p/MLB18308564?pdp_filters=deal%3AMLB1020501-1#polycard_client=search-desktop&be_origin=backend&search_layout=grid&position=1&type=product&tracking_id=2315b762-f9eb-47ef-b793-e6d5512815e1&wid=MLB3149585957&sid=search"
"b326138fd4d9381d9f4a316f83657b40","2026-06-05","2026-06-05 17:38:08.853","MercadoLivre","cerveja","Spaten","Cerveja Spaten Lata 350ml","Cerveja Spaten Puro Malte lata 350ml 12 u","1","84.0","84.0","https://www.mercadolivre.com.br/cerveja-spaten-puro-malte-lata-350ml-12-u/p/MLB19544777?pdp_filters=deal%3AMLB1020501-1#polycard_client=search-desktop&be_origin=backend&search_layout=grid&position=1&type=product&tracking_id=14cdf72e-84d7-4903-98bf-009a95df7a7d&wid=MLB6205082268&sid=search"
"d97af6a870ac8620b22435e076686324","2026-06-05","2026-06-05 17:38:55.827","PaoDeAcucar","cerveja","Heineken","Cerveja Heineken Lata 350ml","Cerveja Heineken Lata Sleek 350ml","1","4.79","4.79","https://www.paodeacucar.com/produto/1606865/cerveja-heineken-lata-sleek-350ml"
"aec80f994a9a862d6f24bbfd9ef1c348","2026-06-05","2026-06-05 17:39:19.864","PaoDeAcucar","whisky","Johnnie Walker","Whisky Johnnie Walker Red Label 1L","Whisky Escocês Blended Red Label Johnnie Walker Garrafa 1l","1","89.99","89.99","https://www.paodeacucar.com/produto/16238/whisky-escoces-blended-red-label-johnnie-walker-garrafa-1l"
"50557838b4b022e10c1e32dae19995dd","2026-06-05","2026-06-05 17:39:32.793","PaoDeAcucar","energetico","Red Bull","Energetico Red Bull Energy Drink Lata 250ml","Energético Red Bull Energy Drink 250ml - 4 Latas","4","29.96","7.49","https://www.paodeacucar.com/produto/150964/energetico-red-bull-energy-drink-250ml---4-latas"
"dadcbcdcd4e8ac46630af68321b1a703","2026-06-05","2026-06-05 17:39:07.681","PaoDeAcucar","cerveja","Spaten","Cerveja Spaten Lata 350ml","Cerveja Spaten Puro Malte Lata 350ml - 2 Unidades","2","7.78","3.89","https://www.paodeacucar.com/produto/1447228/cerveja-spaten-puro-malte-lata-350ml---2-unidades"
"acc81998909f9e61fc9dd901fbcb39df","2026-06-05","2026-06-05 17:41:08.260","TendaAtacado","refrigerante","Coca-Cola","Refrigerante Coca-Cola Pet 2L","Refrigerante Coca-Cola Original Garrafa 2l","1","12.29","12.29","https://www.tendaatacado.com.br/produto/refrigerante-coca-cola-original-garrafa-2l"
"7df21e099b4d3694d7f2f2eff257a2bf","2026-06-05","2026-06-05 17:40:06.078","TendaAtacado","cerveja","Heineken","Cerveja Heineken Lata 350ml","Cerveja Heineken Lata Sleek 350ml","1","5.49","5.49","https://www.tendaatacado.com.br/produto/cerveja-heineken-lata-350ml"
"0f07b96aa5418ba9df0592c2459197ac","2026-06-05","2026-06-05 17:40:33.708","TendaAtacado","whisky","Johnnie Walker","Whisky Johnnie Walker Red Label 1L","Whisky Escocês Red Label Johnnie Walker 1L","1","89.9","89.9","https://www.tendaatacado.com.br/produto/whisky-escoces-red-label-johnnie-walker-1l-417"
"ee310358905b715bab7f9f0325759108","2026-06-05","2026-06-05 17:40:54.371","TendaAtacado","energetico","Red Bull","Energetico Red Bull Energy Drink Lata 250ml","Energético Red Bull Energy Drink Melancia Edition 250 ml","1","7.49","7.49","https://www.tendaatacado.com.br/produto/energetico-red-bull-summer-melancia-250ml"
"b7cfaf4775cc724e738a6256b2c6aa72","2026-06-05","2026-06-05 17:40:19.839","TendaAtacado","cerveja","Spaten","Cerveja Spaten Lata 350ml","Cerveja Puro Malte Munich Helles Spaten Lata 350ml","1","3.99","3.99","https://www.tendaatacado.com.br/produto/cerveja-puro-malte-munich-helles-spaten-lata-350ml"
"bbf0970af341479a735b21a3bfef1d9a","2026-06-05","2026-06-05 17:42:15.586","ZeDelivery","cerveja","Heineken","Heineken 350ml","Heineken 350ml","1","6.49","6.49","Extraido via Menu de Busca"
"221096be126bf4594e5a24b569d6a303","2026-06-05","2026-06-05 17:42:36.215","ZeDelivery","whisky","Johnnie Walker","Johnnie Walker Red Label 1L","Whisky Johnnie Walker Red Label 1L","1","110.19","110.19","Extraido via Menu de Busca"
"b599caf573a70e95533aa581a0e1f3ea","2026-06-05","2026-06-05 17:42:48.159","ZeDelivery","energetico","Red Bull","Red Bull Energy Drink 250ml","Energético Red Bull Energy Drink 250ml","1","10.99","10.99","Extraido via Menu de Busca"
"b7d67ca2c7f719e167c0af037f6810da","2026-06-05","2026-06-05 17:42:24.795","ZeDelivery","cerveja","Spaten","Spaten 350ml","Spaten 350ml","1","4.79","4.79","Extraido via Menu de Busca"
"b89470c5e2f7bf22f5d398cbab8be647","2026-06-25","2026-06-25 04:35:11.320","Amazon","cerveja","Heineken","Cerveja Heineken Lata 350ml","Heineken Cerveja Sleek Lata 350ml Pack 12 Unidades","12","59.3","4.94","https://www.amazon.com.br/Cerveja-Heineken-Pilsen-LATA-350/dp/B0CMXW6ZYB/ref=sr_1_3?dib=eyJ2IjoiMSJ9.YwlMALGyaB1eLiHvQ-WdbF9tlKhTTJYirW_Lwl1JExdinQ8oIPtfNmcf03cx4tGyJAQX69Vp6XJXXsIQRLJxaG2XhMYXVU7zwZZdDXRKo_UVeVX3KBAw46h_a_43uhJbypH8W61dIp6Qqu4Db8AQsHgKX_4cc8T_Lab3u5vAsroi2v8sAZIF8CNyLnHc6FbfVd5TuksQwccsPUHG0U6LJa9zbRqsX9c-DwwVUEirDHBKwVV6FngtoJOyq9y3H9yrcA7sQDufSmikCcNSyuZCusUY2ZXJlDBPdgcqha0-SI8.E412nSgiuuLHj3frrFg_ORO8tkvjEmDwVsdPPHlDlW0&dib_tag=se&keywords=Cerveja+Heineken+350ml&qid=1782362103&s=grocery&sr=1-3"
"ad6dd9a89a016d7d178284614f4da5fc","2026-06-25","2026-06-25 04:35:26.454","Amazon","whisky","Johnnie Walker","Whisky Johnnie Walker Red Label 1L","Whisky Johnnie Walker Red Label 1L","1","79.93","79.93","https://www.amazon.com.br/Whisky-Johnnie-Walker-Label-Blended/dp/B004Q47N5G/ref=sr_1_1?dib=eyJ2IjoiMSJ9.6_W5nvO8nbL1-obijYzgd2U4byat3go5rwv2K0UFt0bQXAIxUpERCm21QJ9nLM5C-QkNnpYjeXmVCAdklaPbhrrmJo9Nhn10DH4M7ZaB5ZpLfwdslMhS7N3Dg52YVEMVrpPxaMhifl53kBFOivuICY2skeoZfqM03ldtQphc-Ngx3COhdUCLWFD6QeXMu7eTtStbs1bqUrspk9CpBIK4bRFEv1rClpDnAJlaVqvGppqoxzqrLMR3JDVNWRYcXuH2-odVEDVFuJli6kiNFrLBNcukWTcLphnw1DOtHCJadaw.MSB4mUuijs9f2Dou_aCLopMm_0Hu6EU-PpoCn12NFqI&dib_tag=se&keywords=Whisky+Johnnie+Walker+Red+Label+1L&qid=1782362119&s=grocery&sr=1-1"
"bdc9f5c0bee3da41170862ef61df3fb4","2026-06-25","2026-06-25 04:35:34.028","Amazon","energetico","Red Bull","Energetico Red Bull Energy Drink Lata 250ml","Red Bull Energético, Energy Drink, 250ml, 4 latas","4","30.76","7.69","https://www.amazon.com.br/Energ%C3%A9tico-Energy-Drink-250ml-latas/dp/B004HOEU4M/ref=sr_1_1?dib=eyJ2IjoiMSJ9.JvY5LmZFXrijIu9gzwUf2ctHQeZ3EZ13FLtIhS9uRxTV-y_xFzgr57n1cWxyzGNNKtIOzflNgytShldn9bbkKVA9cmlCqUHpwrjj2TxX-0UOa5GMVmCJKwvi-sCqJ_XrksFLUrlyqLo47FSVCBrvQ1ipoVFXUsHDhmVTIAqJ8-eZkr8M4rfHqwYI1W4yv2W7SNkBwcs-5rtvverTw2yJrfQBhCtqOf0V0R1dYG30y86klJ-poLeQno4PrrybEXQ-EdPo3WJOnHPHb6JCG2EppneIFsRo5jW_ePDjg7BLDfk.B_8zIvGIRf6xIvvCyWN2cnuHSTJ12pN1Qe9LWJCHueQ&dib_tag=se&keywords=Energetico+Red+Bull+Energy+Drink+250ml&qid=1782362126&s=grocery&sr=1-1"
"cdd8fc547689b0049eeaf6e9948b4a77","2026-06-25","2026-06-25 04:35:19.103","Amazon","cerveja","Spaten","Cerveja Spaten Lata 350ml","Pack Cerveja Spaten, Puro Malte, 350ml, Lata - 12 Unidades","12","55.79","4.65","https://www.amazon.com.br/Pack-Cerveja-Spaten-Malte-350ml/dp/B0CN9NGTXK/ref=sr_1_1?dib=eyJ2IjoiMSJ9.-Z97cpXDU-mfJf-AjnQVth1iWGiaYrLGiVfSPhwSvgRrtbtogvtfHDenIxw2B-Jubqa8cUBOLXxn75OWuq8e_JdT-1fKEDrZdXqoe0zpBZwOLY09pt1sK06nNqzrmuVB4ZclgJoeir0Yxam7Whfu9PaVL2KjdVGVmBI-Iosv-EKXjiFeh7nPeddGmNoDu1Xsw11TautVOgFvoQFospajZIL3l0apdYKjxqb6Ue57MBdqvJ-X0NF8MuNqVLez68jugDOT4s_QVAPU3peM7EzW1DIF3DCoG_VdkD2YFTem-vc.DVWAeRsulESgWtwT1gHTDyRQ5OIDmBjapXwOg5I_o6s&dib_tag=se&keywords=Cerveja+Spaten+350ml&qid=1782362111&s=grocery&sr=1-1"
"0429d6efeef241e4ef92df772cbdb15c","2026-06-25","2026-06-25 04:36:51.468","Atacadao","refrigerante","Coca-Cola","Refrigerante Coca-Cola Pet 2L","Refrigerante Coca-Cola 2L","1","9.99","9.99","Extraido via Menu Dropdown"
"d8654857693054f2132fdae6ba6520a7","2026-06-25","2026-06-25 04:36:21.726","Atacadao","cerveja","Heineken","Cerveja Heineken Lata 350ml","Cerveja Heineken Sleek 350ml","1","4.89","4.89","Extraido via Menu Dropdown"
"43873040824eeb3730738264796003c4","2026-06-25","2026-06-25 04:36:36.352","Atacadao","whisky","Johnnie Walker","Whisky Johnnie Walker Red Label 1L","Whisky Johnnie Walker Red Label 1L","1","79.9","79.9","Extraido via Menu Dropdown"
"fa104daec2e58468c7353254d089305d","2026-06-25","2026-06-25 04:36:44.329","Atacadao","energetico","Red Bull","Energetico Red Bull Energy Drink Lata 250ml","Energético Red Bull Energy Drink 250ml","1","7.49","7.49","Extraido via Menu Dropdown"
"0cb1b96096e1481394327f30ad369d43","2026-06-25","2026-06-25 04:36:28.610","Atacadao","cerveja","Spaten","Cerveja Spaten Lata 350ml","Cerveja Spaten Puro Malte 350ml","1","3.99","3.99","Extraido via Menu Dropdown"
"203e2c2c591e3a7e905b7ec88c648644","2026-06-25","2026-06-25 04:37:33.824","PaoDeAcucar","whisky","Johnnie Walker","Whisky Johnnie Walker Red Label 1L","Whisky Escocês Blended Red Label Johnnie Walker Garrafa 1l","1","89.99","89.99","https://www.paodeacucar.com/produto/16238/whisky-escoces-blended-red-label-johnnie-walker-garrafa-1l"
"a5bef9e22afe0d6167b783ff3d26a27a","2026-06-25","2026-06-25 04:37:45.326","PaoDeAcucar","energetico","Red Bull","Energetico Red Bull Energy Drink Lata 250ml","Energético Red Bull Energy Drink 250ml - 24 Latas","24","263.76","10.99","https://www.paodeacucar.com/produto/468337/energetico-red-bull-energy-drink-250ml---24-latas"
"98bebdc7a7eb43675d408043caf41f1e","2026-06-25","2026-06-25 04:37:23.457","PaoDeAcucar","cerveja","Spaten","Cerveja Spaten Lata 350ml","Cerveja Munich Helles Puro Malte Spaten Lata 350ml","1","3.79","3.79","https://www.paodeacucar.com/produto/583963/cerveja-munich-helles-puro-malte-spaten-lata-350ml"
"e9039ef70dc8bbed3ca1f0add745af43","2026-06-25","2026-06-25 04:39:04.739","TendaAtacado","refrigerante","Coca-Cola","Refrigerante Coca-Cola Pet 2L","Refrigerante Original Menos Açúcar Coca-Cola Garrafa 2l","1","9.99","9.99","https://www.tendaatacado.com.br/produto/refrigerante-coca-cola-original-garrafa-2l"
"ce20b0cd8bc3e204ff9e36fc83dd1fab","2026-06-25","2026-06-25 04:38:15.359","TendaAtacado","cerveja","Heineken","Cerveja Heineken Lata 350ml","Cerveja Heineken Lata Sleek 350ml","1","4.89","4.89","https://www.tendaatacado.com.br/produto/cerveja-heineken-lata-350ml"
"064dacff12b505c34c091b13e19500a1","2026-06-25","2026-06-25 04:38:40.051","TendaAtacado","whisky","Johnnie Walker","Whisky Johnnie Walker Red Label 1L","Whisky Escocês Red Label Johnnie Walker 1L","1","104.9","104.9","https://www.tendaatacado.com.br/produto/whisky-escoces-red-label-johnnie-walker-1l-417"
"e115c7c16bf8f0ef79617b2a3d758eac","2026-06-25","2026-06-25 04:38:52.500","TendaAtacado","energetico","Red Bull","Energetico Red Bull Energy Drink Lata 250ml","Energético Red Bull Energy Drink 250ml","1","7.49","7.49","https://www.tendaatacado.com.br/produto/energetico-red-bull-250ml-1020"
"b1cc6261fc72784d605e594d74c87347","2026-06-25","2026-06-25 04:38:27.832","TendaAtacado","cerveja","Spaten","Cerveja Spaten Lata 350ml","Cerveja Puro Malte Munich Helles Spaten Lata 350ml","1","4.89","4.89","https://www.tendaatacado.com.br/produto/cerveja-puro-malte-munich-helles-spaten-lata-350ml"
"5dbcda11e3236ca04d682a5804365b90","2026-06-25","2026-06-25 04:40:03.332","ZeDelivery","cerveja","Heineken","Heineken 350ml","Heineken 350ml","1","6.49","6.49","Extraido via Menu de Busca"
"ec42a7843e59b3039641790893f68bf3","2026-06-25","2026-06-25 04:40:32.156","ZeDelivery","energetico","Red Bull","Red Bull Energy Drink 250ml","Energético Red Bull Energy Drink 250ml","1","10.99","10.99","Extraido via Menu de Busca"
"94931bed27396b380902c40677f7b591","2026-06-25","2026-06-25 04:40:11.772","ZeDelivery","cerveja","Spaten","Spaten 350ml","Spaten 350ml","1","4.89","4.89","Extraido via Menu de Busca"
"0cabc559e3dc540de70d9ac692950990","2026-06-15","2026-06-15 23:23:41.063","Amazon","whisky","Johnnie Walker","Whisky Johnnie Walker Red Label 1L","Whisky Johnnie Walker Red Label 1L","1","79.93","79.93","https://www.amazon.com.br/sspa/click?ie=UTF8&spc=MTo1NDgzMDM4NjI5OTU5NDMyOjE3ODE1NzY1MDc6c3BfYXRmOjMwMTMzMzE0OTAxNjQwMjo6MDo6&url=%2FWhisky-Johnnie-Walker-Label-Blended%2Fdp%2FB004Q47N5G%2Fref%3Dsr_1_2_sspa%3Fdib%3DeyJ2IjoiMSJ9.6_W5nvO8nbL1-obijYzgd4X9sGjwjKD8kpiurG_IqMGC-AZC5ry41dn1BgDiaRHb5hCUJiNAL0gSX018XYk-lWd6K-kllugMYX6YuDXxxDJvJynMjWaUngwogLOIM0sr38UlY1369KZDODd6tFtGev4_u__MhuZ3ZwtAnfDa7DnO0z3Z4JtFaQMZX8kHrbvsycAXOQrPZ33qDA584Zz-QYtvAdqgO-fNN_scL57qxqz5Fu4lLkdsNm6FSMx15h0UWu_7syVJLSyn9JxIYAspmCP5ip31Juj6Pcqt9-mq1Gk.ujy6mV0yayeuJicL7zJKrDeT1lS5lr17YqeeBsmEU08%26dib_tag%3Dse%26keywords%3DWhisky%2BJohnnie%2BWalker%2BRed%2BLabel%2B1L%26qid%3D1781576507%26s%3Dgrocery%26sr%3D1-2-spons%26sp_csd%3Dd2lkZ2V0TmFtZT1zcF9hdGY%26psc%3D1"
"e2365d37cd8d2a30368cfb4183621c15","2026-06-15","2026-06-15 23:23:51.677","Amazon","energetico","Red Bull","Energetico Red Bull Energy Drink Lata 250ml","Red Bull Energético, Energy Drink, 250ml, 4 latas","4","35.16","8.79","https://www.amazon.com.br/Energ%C3%A9tico-Energy-Drink-250ml-latas/dp/B004HOEU4M/ref=sr_1_1?dib=eyJ2IjoiMSJ9.JvY5LmZFXrijIu9gzwUf2ctHQeZ3EZ13FLtIhS9uRxQpeqd40HTQC5njRQJ_jfZNzrcbPqd06JhoxO16t2h_2V9xV9ThYGSOJ1IuFiIEwZgTWRvxBx8SKaNeua71vHY_sGk02BwcYfKjSh03EV2tF_hdG5gwSXNNF7zpY7ONXLvmaYvfPgzuJvjMNH4IxTKk6vATQT4wFC9wISFqkTzDihuSw_4T7MufVKLILdmkEclFd4Tz5y4A4aGh535hYCpwipkgD-AsNY0HHbPrZC_-NneIFsRo5jW_ePDjg7BLDfk._x1Y9iAMcLw4qENqSQcZME_wmRco-Oa7Lp1XSylNIpA&dib_tag=se&keywords=Energetico+Red+Bull+Energy+Drink+250ml&qid=1781576517&s=grocery&sr=1-1"
"ae5575e332e51de0c3790d56a9e91409","2026-06-15","2026-06-15 23:23:31.168","Amazon","cerveja","Spaten","Cerveja Spaten Lata 350ml","Spaten Cerveja Puro Malte 350Ml Lata","1","5.4","5.4","https://www.amazon.com.br/Cerveja-Spaten-Puro-Malte-350Ml/dp/B09D8TLQ79/ref=sr_1_5_br_f3_0g_amnow?dib=eyJ2IjoiMSJ9.2H54ArIn9F0DKsCKbNWMtJ6YKAD2_ym-xJ33f1gh1gfzLlLEpMpovIOFOzSD0EMhnUMOFwK1uiqlGmwTg7xJoUUBOLQ_yiCUrQb4FJI75MX6cL6P_RQy8t_fdWwijGZQSOwEG0wWoIcf7IvUwmIiL612Yl0Is8EzUWFZesMy9XJgGC9BI9bsO9DfVT_Cws3e4YH2_8n_qJUzwN-pila8P4vc2bGUBDWxLfka6PF0v4iFV5vy2ekG5crhb9NILfpcIfEGzrYap3GXtVZ2Gf3xZRz1frf_LxHvMqGgtIVUScw.uD5YSXDxCMT0Tpw7OOHxogBy3WMVRwy9Acmy8sjCVLI&dib_tag=se&keywords=Cerveja+Spaten+350ml&qid=1781576496&s=grocery&sr=1-5"
"2ce51f570e68593d72ddf2d0b1d12476","2026-06-15","2026-06-15 23:25:21.383","Atacadao","refrigerante","Coca-Cola","Refrigerante Coca-Cola Pet 2L","Refrigerante Coca-Cola 2L","1","12.19","12.19","Extraido via Menu Dropdown"
"a6096ed620f849338c05888b7a3400ac","2026-06-15","2026-06-15 23:25:04.002","Atacadao","whisky","Johnnie Walker","Whisky Johnnie Walker Red Label 1L","Whisky Johnnie Walker Red Label 1L","1","104.0","104.0","Extraido via Menu Dropdown"
"d3900c63af354bc3f7bad942f790c2fc","2026-06-15","2026-06-15 23:25:13.358","Atacadao","energetico","Red Bull","Energetico Red Bull Energy Drink Lata 250ml","Energético Red Bull Energy Drink 250ml","1","9.49","9.49","Extraido via Menu Dropdown"
"814020404270e25be0938dba2a81ad2c","2026-06-15","2026-06-15 23:24:55.003","Atacadao","cerveja","Spaten","Cerveja Spaten Lata 350ml","Cerveja Spaten Puro Malte 350ml","1","4.69","4.69","Extraido via Menu Dropdown"
"ff17e37dafaaf30db511cff4d6e33083","2026-06-15","2026-06-15 23:26:00.300","MercadoLivre","refrigerante","Coca-Cola","Refrigerante Coca-Cola Pet 2L","Refrigerante Coca-Cola Original Garrafa 2l","1","13.0","13.0","https://www.mercadolivre.com.br/refrigerante-coca-cola-original-garrafa-2l/p/MLB18306190?pdp_filters=deal%3AMLB1020501-1#polycard_client=search-desktop&be_origin=backend&search_layout=grid&position=1&type=product&tracking_id=98881334-a593-483b-b9ee-60ca5477ef19&wid=MLB5364349910&sid=search"
"58bd7383efc0830f09277a209e748938","2026-06-15","2026-06-15 23:25:38.695","MercadoLivre","cerveja","Heineken","Cerveja Heineken Lata 350ml","Cerveja Heineken Puro malte Sleek 12 Latas 350ml","12","89.0","7.42","https://www.mercadolivre.com.br/cerveja-heineken-puro-malte-sleek-12-latas-350ml/p/MLB27045988?pdp_filters=deal%3AMLB1020501-1#polycard_client=search-desktop&be_origin=backend&search_layout=grid&position=1&type=product&tracking_id=1a88dd7b-8cf2-4509-9c4e-44a4850cff31&wid=MLB5472125692&sid=search"
"890a5aa8363e2b6d3d20e10ad005215a","2026-06-15","2026-06-15 23:25:49.904","MercadoLivre","whisky","Johnnie Walker","Whisky Johnnie Walker Red Label 1L","Kit Whisky Johnnie Walker Red Label 1l Garrafa + Porta Copo","1","198.0","198.0","https://www.mercadolivre.com.br/kit-whisky-johnnie-walker-red-label-1l-garrafa--porta-copo/up/MLBU3708937977?pdp_filters=deal%3AMLB1020501-1#polycard_client=search-desktop&be_origin=backend&search_layout=grid&position=2&type=product&tracking_id=3bc81e34-81a4-49c3-8725-28f134d07e2a&wid=MLB4407125189&sid=search"
"26e32e3d7c723d0c309ebd8529ca2083","2026-06-15","2026-06-15 23:25:55.024","MercadoLivre","energetico","Red Bull","Energetico Red Bull Energy Drink Lata 250ml","Red Bull Energético, Energy Drink, 250ml, 4 latas","4","41.0","10.25","https://www.mercadolivre.com.br/red-bull-energetico-energy-drink-250ml-4-latas/p/MLB18308564?pdp_filters=deal%3AMLB1020501-1#polycard_client=search-desktop&be_origin=backend&search_layout=grid&position=1&type=product&tracking_id=457129fa-7e02-4b23-987b-a859ad2a855f&wid=MLB3149585957&sid=search"
"1e68fd017bddf5637489b98aaec42ce4","2026-06-15","2026-06-15 23:25:44.975","MercadoLivre","cerveja","Spaten","Cerveja Spaten Lata 350ml","Cerveja Spaten Puro Malte lata 350ml 12 u","1","69.0","69.0","https://www.mercadolivre.com.br/cerveja-spaten-puro-malte-lata-350ml-12-u/p/MLB19544777?pdp_filters=deal%3AMLB1020501-1#polycard_client=search-desktop&be_origin=backend&search_layout=grid&position=1&type=product&tracking_id=1100d8a5-bf5e-40f7-8128-2bb121e21e38&wid=MLB5246322350&sid=search"
"4ff9cbe213a73d4718a0989272eeff14","2026-06-15","2026-06-15 23:26:27.887","PaoDeAcucar","cerveja","Heineken","Cerveja Heineken Lata 350ml","Cerveja Heineken Lata Sleek 350ml","1","5.99","5.99","https://www.paodeacucar.com/produto/1606865/cerveja-heineken-lata-sleek-350ml"
"919e00cab385e723217f171d23dd57e8","2026-06-15","2026-06-15 23:26:53.314","PaoDeAcucar","whisky","Johnnie Walker","Whisky Johnnie Walker Red Label 1L","Whisky Escocês Blended Red Label Johnnie Walker Garrafa 1l","1","89.99","89.99","https://www.paodeacucar.com/produto/16238/whisky-escoces-blended-red-label-johnnie-walker-garrafa-1l"
"f986ef8f08b5478fe9f5967a5757b004","2026-06-15","2026-06-15 23:27:05.526","PaoDeAcucar","energetico","Red Bull","Energetico Red Bull Energy Drink Lata 250ml","Energético Red Bull Energy Drink 250ml - 4 Latas","4","43.99","11.0","https://www.paodeacucar.com/produto/150964/energetico-red-bull-energy-drink-250ml---4-latas"
"817398df4253d38bd0e94fec6ca04379","2026-06-15","2026-06-15 23:26:40.779","PaoDeAcucar","cerveja","Spaten","Cerveja Spaten Lata 350ml","Cerveja Munich Helles Puro Malte Spaten Lata 350ml","1","3.99","3.99","https://www.paodeacucar.com/produto/583963/cerveja-munich-helles-puro-malte-spaten-lata-350ml"
"f852536106be9519a03c10498224d3bd","2026-06-15","2026-06-15 23:28:36.980","TendaAtacado","refrigerante","Coca-Cola","Refrigerante Coca-Cola Pet 2L","Refrigerante Coca-Cola Original Garrafa 2l","1","12.29","12.29","https://www.tendaatacado.com.br/produto/refrigerante-coca-cola-original-garrafa-2l"
"e89133b59ddd8d4e98f12afc6472e1a0","2026-06-15","2026-06-15 23:27:38.331","TendaAtacado","cerveja","Heineken","Cerveja Heineken Lata 350ml","Cerveja Heineken Lata Sleek 350ml","1","5.99","5.99","https://www.tendaatacado.com.br/produto/cerveja-heineken-lata-350ml"
"6306dda211d838fdfe7df57612885356","2026-06-15","2026-06-15 23:28:06.840","TendaAtacado","whisky","Johnnie Walker","Whisky Johnnie Walker Red Label 1L","Whisky Escocês Red Label Johnnie Walker 1L","1","104.9","104.9","https://www.tendaatacado.com.br/produto/whisky-escoces-red-label-johnnie-walker-1l-417"
"e197366b8623cab14c989e58554e99ab","2026-06-15","2026-06-15 23:28:22.344","TendaAtacado","energetico","Red Bull","Energetico Red Bull Energy Drink Lata 250ml","Energético Red Bull Energy Drink 250ml","1","9.99","9.99","https://www.tendaatacado.com.br/produto/energetico-red-bull-250ml-1020"
"5e4dbb6d9b6541a016308a4af9c13e11","2026-06-15","2026-06-15 23:27:52.364","TendaAtacado","cerveja","Spaten","Cerveja Spaten Lata 350ml","Cerveja Puro Malte Munich Helles Spaten Lata 350ml","1","3.99","3.99","https://www.tendaatacado.com.br/produto/cerveja-puro-malte-munich-helles-spaten-lata-350ml"
"18565017816570cf1013c6429fbe100f","2026-06-15","2026-06-15 23:29:42.436","ZeDelivery","cerveja","Heineken","Heineken 350ml","Heineken 350ml","1","6.49","6.49","Extraido via Menu de Busca"
"044db3e9ab70fe4dc72abd2ce609380d","2026-06-15","2026-06-15 23:30:02.368","ZeDelivery","whisky","Johnnie Walker","Johnnie Walker Red Label 1L","Whisky Johnnie Walker Red Label 1L","1","110.19","110.19","Extraido via Menu de Busca"
"748c068d83649472e787cc1f72bcd446","2026-06-15","2026-06-15 23:30:13.462","ZeDelivery","energetico","Red Bull","Red Bull Energy Drink 250ml","Energético Red Bull Energy Drink 250ml","1","10.99","10.99","Extraido via Menu de Busca"
"6fb8243dadc6945e462f223868256c6e","2026-06-15","2026-06-15 23:29:51.316","ZeDelivery","cerveja","Spaten","Spaten 350ml","Spaten 350ml","1","4.89","4.89","Extraido via Menu de Busca"
